file,line,type,commit,author,date,time,timezone,datetime,depth,length
style.css,1,css,2af5214f,fanfanccluo,2025-01-23,16:09:38,-08:00,2025-01-23T16:09:38-08:00,0,0
style.css,2,css,2115db1e,fanfanccluo,2025-01-23,15:06:42,-08:00,2025-01-23T15:06:42-08:00,0,5
style.css,3,css,2115db1e,fanfanccluo,2025-01-23,15:06:42,-08:00,2025-01-23T15:06:42-08:00,0,24
style.css,4,css,2115db1e,fanfanccluo,2025-01-23,15:06:42,-08:00,2025-01-23T15:06:42-08:00,0,0
style.css,5,css,2115db1e,fanfanccluo,2025-01-23,15:06:42,-08:00,2025-01-23T15:06:42-08:00,0,0
style.css,6,css,90b3a3d4,fanfanccluo,2025-01-23,15:33:11,-08:00,2025-01-23T15:33:11-08:00,0,6
style.css,7,css,90b3a3d4,fanfanccluo,2025-01-23,15:33:11,-08:00,2025-01-23T15:33:11-08:00,0,42
style.css,8,css,90b3a3d4,fanfanccluo,2025-01-23,15:33:11,-08:00,2025-01-23T15:33:11-08:00,0,40
style.css,9,css,ef423dc4,fanfanccluo,2025-01-24,14:19:11,-08:00,2025-01-24T14:19:11-08:00,0,70
style.css,10,css,90b3a3d4,fanfanccluo,2025-01-23,15:33:11,-08:00,2025-01-23T15:33:11-08:00,0,18
style.css,11,css,90b3a3d4,fanfanccluo,2025-01-23,15:33:11,-08:00,2025-01-23T15:33:11-08:00,0,28
style.css,12,css,90b3a3d4,fanfanccluo,2025-01-23,15:33:11,-08:00,2025-01-23T15:33:11-08:00,0,72
style.css,13,css,90b3a3d4,fanfanccluo,2025-01-23,15:33:11,-08:00,2025-01-23T15:33:11-08:00,0,0
style.css,14,css,90b3a3d4,fanfanccluo,2025-01-23,15:33:11,-08:00,2025-01-23T15:33:11-08:00,0,0
style.css,15,css,90b3a3d4,fanfanccluo,2025-01-23,15:33:11,-08:00,2025-01-23T15:33:11-08:00,0,36
style.css,16,css,90b3a3d4,fanfanccluo,2025-01-23,15:33:11,-08:00,2025-01-23T15:33:11-08:00,0,6
style.css,17,css,90b3a3d4,fanfanccluo,2025-01-23,15:33:11,-08:00,2025-01-23T15:33:11-08:00,0,40
style.css,18,css,ef423dc4,fanfanccluo,2025-01-24,14:19:11,-08:00,2025-01-24T14:19:11-08:00,0,54
style.css,19,css,90b3a3d4,fanfanccluo,2025-01-23,15:33:11,-08:00,2025-01-23T15:33:11-08:00,0,21
style.css,20,css,90b3a3d4,fanfanccluo,2025-01-23,15:33:11,-08:00,2025-01-23T15:33:11-08:00,0,31
style.css,21,css,a630ecd4,fanfanccluo,2025-01-17,23:00:56,-08:00,2025-01-17T23:00:56-08:00,0,0
style.css,22,css,a630ecd4,fanfanccluo,2025-01-17,23:00:56,-08:00,2025-01-17T23:00:56-08:00,0,0
style.css,23,css,a630ecd4,fanfanccluo,2025-01-17,23:00:56,-08:00,2025-01-17T23:00:56-08:00,0,0
style.css,24,css,90b3a3d4,fanfanccluo,2025-01-23,15:33:11,-08:00,2025-01-23T15:33:11-08:00,0,5
style.css,25,css,90b3a3d4,fanfanccluo,2025-01-23,15:33:11,-08:00,2025-01-23T15:33:11-08:00,0,41
style.css,26,css,90b3a3d4,fanfanccluo,2025-01-23,15:33:11,-08:00,2025-01-23T15:33:11-08:00,0,24
style.css,27,css,90b3a3d4,fanfanccluo,2025-01-23,15:33:11,-08:00,2025-01-23T15:33:11-08:00,0,36
style.css,28,css,90b3a3d4,fanfanccluo,2025-01-23,15:33:11,-08:00,2025-01-23T15:33:11-08:00,0,16
style.css,29,css,90b3a3d4,fanfanccluo,2025-01-23,15:33:11,-08:00,2025-01-23T15:33:11-08:00,0,16
style.css,30,css,90b3a3d4,fanfanccluo,2025-01-23,15:33:11,-08:00,2025-01-23T15:33:11-08:00,0,19
style.css,31,css,90b3a3d4,fanfanccluo,2025-01-23,15:33:11,-08:00,2025-01-23T15:33:11-08:00,0,13
style.css,32,css,a630ecd4,fanfanccluo,2025-01-17,23:00:56,-08:00,2025-01-17T23:00:56-08:00,0,0
style.css,33,css,a630ecd4,fanfanccluo,2025-01-17,23:00:56,-08:00,2025-01-17T23:00:56-08:00,0,0
style.css,34,css,90b3a3d4,fanfanccluo,2025-01-23,15:33:11,-08:00,2025-01-23T15:33:11-08:00,0,15
style.css,35,css,a630ecd4,fanfanccluo,2025-01-17,23:00:56,-08:00,2025-01-17T23:00:56-08:00,0,4
style.css,36,css,a630ecd4,fanfanccluo,2025-01-17,23:00:56,-08:00,2025-01-17T23:00:56-08:00,0,13
style.css,37,css,a630ecd4,fanfanccluo,2025-01-17,23:00:56,-08:00,2025-01-17T23:00:56-08:00,0,44
style.css,38,css,90b3a3d4,fanfanccluo,2025-01-23,15:33:11,-08:00,2025-01-23T15:33:11-08:00,0,18
style.css,39,css,90b3a3d4,fanfanccluo,2025-01-23,15:33:11,-08:00,2025-01-23T15:33:11-08:00,0,16
style.css,40,css,a630ecd4,fanfanccluo,2025-01-17,23:00:56,-08:00,2025-01-17T23:00:56-08:00,0,0
style.css,41,css,a630ecd4,fanfanccluo,2025-01-17,23:00:56,-08:00,2025-01-17T23:00:56-08:00,0,0
style.css,42,css,a630ecd4,fanfanccluo,2025-01-17,23:00:56,-08:00,2025-01-17T23:00:56-08:00,0,6
style.css,43,css,90b3a3d4,fanfanccluo,2025-01-23,15:33:11,-08:00,2025-01-23T15:33:11-08:00,0,7
style.css,44,css,90b3a3d4,fanfanccluo,2025-01-23,15:33:11,-08:00,2025-01-23T15:33:11-08:00,0,18
style.css,45,css,a630ecd4,fanfanccluo,2025-01-17,23:00:56,-08:00,2025-01-17T23:00:56-08:00,0,21
style.css,46,css,90b3a3d4,fanfanccluo,2025-01-23,15:33:11,-08:00,2025-01-23T15:33:11-08:00,0,14
style.css,47,css,90b3a3d4,fanfanccluo,2025-01-23,15:33:11,-08:00,2025-01-23T15:33:11-08:00,0,14
style.css,48,css,90b3a3d4,fanfanccluo,2025-01-23,15:33:11,-08:00,2025-01-23T15:33:11-08:00,0,25
style.css,49,css,a630ecd4,fanfanccluo,2025-01-17,23:00:56,-08:00,2025-01-17T23:00:56-08:00,0,0
style.css,50,css,a630ecd4,fanfanccluo,2025-01-17,23:00:56,-08:00,2025-01-17T23:00:56-08:00,0,0
style.css,51,css,a630ecd4,fanfanccluo,2025-01-17,23:00:56,-08:00,2025-01-17T23:00:56-08:00,0,12
style.css,52,css,90b3a3d4,fanfanccluo,2025-01-23,15:33:11,-08:00,2025-01-23T15:33:11-08:00,0,46
style.css,53,css,90b3a3d4,fanfanccluo,2025-01-23,15:33:11,-08:00,2025-01-23T15:33:11-08:00,0,41
style.css,54,css,a630ecd4,fanfanccluo,2025-01-17,23:00:56,-08:00,2025-01-17T23:00:56-08:00,0,21
style.css,55,css,a630ecd4,fanfanccluo,2025-01-17,23:00:56,-08:00,2025-01-17T23:00:56-08:00,0,0
style.css,56,css,a630ecd4,fanfanccluo,2025-01-17,23:00:56,-08:00,2025-01-17T23:00:56-08:00,0,0
style.css,57,css,a630ecd4,fanfanccluo,2025-01-17,23:00:56,-08:00,2025-01-17T23:00:56-08:00,0,14
style.css,58,css,90b3a3d4,fanfanccluo,2025-01-23,15:33:11,-08:00,2025-01-23T15:33:11-08:00,0,46
style.css,59,css,90b3a3d4,fanfanccluo,2025-01-23,15:33:11,-08:00,2025-01-23T15:33:11-08:00,0,41
style.css,60,css,90b3a3d4,fanfanccluo,2025-01-23,15:33:11,-08:00,2025-01-23T15:33:11-08:00,0,17
style.css,61,css,a630ecd4,fanfanccluo,2025-01-17,23:00:56,-08:00,2025-01-17T23:00:56-08:00,0,21
style.css,62,css,a630ecd4,fanfanccluo,2025-01-17,23:00:56,-08:00,2025-01-17T23:00:56-08:00,0,0
style.css,63,css,a630ecd4,fanfanccluo,2025-01-17,23:00:56,-08:00,2025-01-17T23:00:56-08:00,0,0
style.css,64,css,90b3a3d4,fanfanccluo,2025-01-23,15:33:11,-08:00,2025-01-23T15:33:11-08:00,0,19
style.css,65,css,90b3a3d4,fanfanccluo,2025-01-23,15:33:11,-08:00,2025-01-23T15:33:11-08:00,0,14
style.css,66,css,90b3a3d4,fanfanccluo,2025-01-23,15:33:11,-08:00,2025-01-23T15:33:11-08:00,0,18
style.css,67,css,90b3a3d4,fanfanccluo,2025-01-23,15:33:11,-08:00,2025-01-23T15:33:11-08:00,0,9
style.css,68,css,90b3a3d4,fanfanccluo,2025-01-23,15:33:11,-08:00,2025-01-23T15:33:11-08:00,0,11
style.css,69,css,90b3a3d4,fanfanccluo,2025-01-23,15:33:11,-08:00,2025-01-23T15:33:11-08:00,0,17
style.css,70,css,90b3a3d4,fanfanccluo,2025-01-23,15:33:11,-08:00,2025-01-23T15:33:11-08:00,0,20
style.css,71,css,90b3a3d4,fanfanccluo,2025-01-23,15:33:11,-08:00,2025-01-23T15:33:11-08:00,0,24
style.css,72,css,ef423dc4,fanfanccluo,2025-01-24,14:19:11,-08:00,2025-01-24T14:19:11-08:00,0,0
style.css,73,css,a630ecd4,fanfanccluo,2025-01-17,23:00:56,-08:00,2025-01-17T23:00:56-08:00,0,0
style.css,74,css,a630ecd4,fanfanccluo,2025-01-17,23:00:56,-08:00,2025-01-17T23:00:56-08:00,0,0
style.css,75,css,b8518833,fanfanccluo,2025-01-23,15:50:33,-08:00,2025-01-23T15:50:33-08:00,0,4
style.css,76,css,b8518833,fanfanccluo,2025-01-23,15:50:33,-08:00,2025-01-23T15:50:33-08:00,0,14
style.css,77,css,b8518833,fanfanccluo,2025-01-23,15:50:33,-08:00,2025-01-23T15:50:33-08:00,0,12
style.css,78,css,b8518833,fanfanccluo,2025-01-23,15:50:33,-08:00,2025-01-23T15:50:33-08:00,0,14
style.css,79,css,b8518833,fanfanccluo,2025-01-23,15:50:33,-08:00,2025-01-23T15:50:33-08:00,0,16
style.css,80,css,b8518833,fanfanccluo,2025-01-23,15:50:33,-08:00,2025-01-23T15:50:33-08:00,0,0
style.css,81,css,b8518833,fanfanccluo,2025-01-23,15:50:33,-08:00,2025-01-23T15:50:33-08:00,0,0
style.css,82,css,b8518833,fanfanccluo,2025-01-23,15:50:33,-08:00,2025-01-23T15:50:33-08:00,0,4
style.css,83,css,b8518833,fanfanccluo,2025-01-23,15:50:33,-08:00,2025-01-23T15:50:33-08:00,0,33
style.css,84,css,b8518833,fanfanccluo,2025-01-23,15:50:33,-08:00,2025-01-23T15:50:33-08:00,0,14
style.css,85,css,b8518833,fanfanccluo,2025-01-23,15:50:33,-08:00,2025-01-23T15:50:33-08:00,0,0
style.css,86,css,b8518833,fanfanccluo,2025-01-23,15:50:33,-08:00,2025-01-23T15:50:33-08:00,0,0
style.css,87,css,b8518833,fanfanccluo,2025-01-23,15:50:33,-08:00,2025-01-23T15:50:33-08:00,0,15
style.css,88,css,b8518833,fanfanccluo,2025-01-23,15:50:33,-08:00,2025-01-23T15:50:33-08:00,0,11
style.css,89,css,b8518833,fanfanccluo,2025-01-23,15:50:33,-08:00,2025-01-23T15:50:33-08:00,0,14
style.css,90,css,b8518833,fanfanccluo,2025-01-23,15:50:33,-08:00,2025-01-23T15:50:33-08:00,0,11
style.css,91,css,b8518833,fanfanccluo,2025-01-23,15:50:33,-08:00,2025-01-23T15:50:33-08:00,0,0
style.css,92,css,b8518833,fanfanccluo,2025-01-23,15:50:33,-08:00,2025-01-23T15:50:33-08:00,0,0
style.css,93,css,b8518833,fanfanccluo,2025-01-23,15:50:33,-08:00,2025-01-23T15:50:33-08:00,0,3
style.css,94,css,b8518833,fanfanccluo,2025-01-23,15:50:33,-08:00,2025-01-23T15:50:33-08:00,0,15
style.css,95,css,b8518833,fanfanccluo,2025-01-23,15:50:33,-08:00,2025-01-23T15:50:33-08:00,0,0
style.css,96,css,b8518833,fanfanccluo,2025-01-23,15:50:33,-08:00,2025-01-23T15:50:33-08:00,0,23
style.css,97,css,b8518833,fanfanccluo,2025-01-23,15:50:33,-08:00,2025-01-23T15:50:33-08:00,0,16
style.css,98,css,b8518833,fanfanccluo,2025-01-23,15:50:33,-08:00,2025-01-23T15:50:33-08:00,0,18
style.css,99,css,b8518833,fanfanccluo,2025-01-23,15:50:33,-08:00,2025-01-23T15:50:33-08:00,0,11
style.css,100,css,b8518833,fanfanccluo,2025-01-23,15:50:33,-08:00,2025-01-23T15:50:33-08:00,0,0
style.css,101,css,b8518833,fanfanccluo,2025-01-23,15:50:33,-08:00,2025-01-23T15:50:33-08:00,0,3
style.css,102,css,b8518833,fanfanccluo,2025-01-23,15:50:33,-08:00,2025-01-23T15:50:33-08:00,0,14
style.css,103,css,b8518833,fanfanccluo,2025-01-23,15:50:33,-08:00,2025-01-23T15:50:33-08:00,0,16
style.css,104,css,b8518833,fanfanccluo,2025-01-23,15:50:33,-08:00,2025-01-23T15:50:33-08:00,0,26
style.css,105,css,b8518833,fanfanccluo,2025-01-23,15:50:33,-08:00,2025-01-23T15:50:33-08:00,0,24
style.css,106,css,b8518833,fanfanccluo,2025-01-23,15:50:33,-08:00,2025-01-23T15:50:33-08:00,0,24
style.css,107,css,b8518833,fanfanccluo,2025-01-23,15:50:33,-08:00,2025-01-23T15:50:33-08:00,0,22
style.css,108,css,b8518833,fanfanccluo,2025-01-23,15:50:33,-08:00,2025-01-23T15:50:33-08:00,0,17
style.css,109,css,b8518833,fanfanccluo,2025-01-23,15:50:33,-08:00,2025-01-23T15:50:33-08:00,0,21
style.css,110,css,ef423dc4,fanfanccluo,2025-01-24,14:19:11,-08:00,2025-01-24T14:19:11-08:00,0,0
style.css,111,css,ef423dc4,fanfanccluo,2025-01-24,14:19:11,-08:00,2025-01-24T14:19:11-08:00,0,0
style.css,112,css,ef423dc4,fanfanccluo,2025-01-24,14:19:11,-08:00,2025-01-24T14:19:11-08:00,0,5
style.css,113,css,ef423dc4,fanfanccluo,2025-01-24,14:19:11,-08:00,2025-01-24T14:19:11-08:00,0,13
style.css,114,css,ef423dc4,fanfanccluo,2025-01-24,14:19:11,-08:00,2025-01-24T14:19:11-08:00,0,30
style.css,115,css,ef423dc4,fanfanccluo,2025-01-24,14:19:11,-08:00,2025-01-24T14:19:11-08:00,0,8
style.css,116,css,ef423dc4,fanfanccluo,2025-01-24,14:19:11,-08:00,2025-01-24T14:19:11-08:00,0,16
style.css,117,css,ef423dc4,fanfanccluo,2025-01-24,14:19:11,-08:00,2025-01-24T14:19:11-08:00,0,14
style.css,118,css,ef423dc4,fanfanccluo,2025-01-24,14:19:11,-08:00,2025-01-24T14:19:11-08:00,0,0
style.css,119,css,ef423dc4,fanfanccluo,2025-01-24,14:19:11,-08:00,2025-01-24T14:19:11-08:00,0,11
style.css,120,css,ef423dc4,fanfanccluo,2025-01-24,14:19:11,-08:00,2025-01-24T14:19:11-08:00,0,13
style.css,121,css,ef423dc4,fanfanccluo,2025-01-24,14:19:11,-08:00,2025-01-24T14:19:11-08:00,0,30
style.css,122,css,ef423dc4,fanfanccluo,2025-01-24,14:19:11,-08:00,2025-01-24T14:19:11-08:00,0,19
style.css,123,css,ef423dc4,fanfanccluo,2025-01-24,14:19:11,-08:00,2025-01-24T14:19:11-08:00,0,19
style.css,124,css,ef423dc4,fanfanccluo,2025-01-24,14:19:11,-08:00,2025-01-24T14:19:11-08:00,0,10
style.css,125,css,ef423dc4,fanfanccluo,2025-01-24,14:19:11,-08:00,2025-01-24T14:19:11-08:00,0,0
style.css,126,css,ef423dc4,fanfanccluo,2025-01-24,14:19:11,-08:00,2025-01-24T14:19:11-08:00,0,16
style.css,127,css,ef423dc4,fanfanccluo,2025-01-24,14:19:11,-08:00,2025-01-24T14:19:11-08:00,0,14
style.css,128,css,ef423dc4,fanfanccluo,2025-01-24,14:19:11,-08:00,2025-01-24T14:19:11-08:00,0,0
style.css,129,css,ef423dc4,fanfanccluo,2025-01-24,14:19:11,-08:00,2025-01-24T14:19:11-08:00,0,10
style.css,130,css,ef423dc4,fanfanccluo,2025-01-24,14:19:11,-08:00,2025-01-24T14:19:11-08:00,0,14
style.css,131,css,ef423dc4,fanfanccluo,2025-01-24,14:19:11,-08:00,2025-01-24T14:19:11-08:00,0,14
style.css,132,css,ef423dc4,fanfanccluo,2025-01-24,14:19:11,-08:00,2025-01-24T14:19:11-08:00,0,11
style.css,133,css,ef423dc4,fanfanccluo,2025-01-24,14:19:11,-08:00,2025-01-24T14:19:11-08:00,0,14
style.css,134,css,ef423dc4,fanfanccluo,2025-01-24,14:19:11,-08:00,2025-01-24T14:19:11-08:00,0,22
style.css,135,css,ef423dc4,fanfanccluo,2025-01-24,14:19:11,-08:00,2025-01-24T14:19:11-08:00,0,22
style.css,136,css,ef423dc4,fanfanccluo,2025-01-24,14:19:11,-08:00,2025-01-24T14:19:11-08:00,0,18
style.css,137,css,ef423dc4,fanfanccluo,2025-01-24,14:19:11,-08:00,2025-01-24T14:19:11-08:00,0,0
style.css,138,css,ef423dc4,fanfanccluo,2025-01-24,14:19:11,-08:00,2025-01-24T14:19:11-08:00,0,12
style.css,139,css,ef423dc4,fanfanccluo,2025-01-24,14:19:11,-08:00,2025-01-24T14:19:11-08:00,0,19
style.css,140,css,ef423dc4,fanfanccluo,2025-01-24,14:19:11,-08:00,2025-01-24T14:19:11-08:00,0,15
style.css,141,css,ef423dc4,fanfanccluo,2025-01-24,14:19:11,-08:00,2025-01-24T14:19:11-08:00,0,37
style.css,142,css,ef423dc4,fanfanccluo,2025-01-24,14:19:11,-08:00,2025-01-24T14:19:11-08:00,0,12
style.css,143,css,ef423dc4,fanfanccluo,2025-01-24,14:19:11,-08:00,2025-01-24T14:19:11-08:00,0,17
style.css,144,css,ef423dc4,fanfanccluo,2025-01-24,14:19:11,-08:00,2025-01-24T14:19:11-08:00,0,12
style.css,145,css,ef423dc4,fanfanccluo,2025-01-24,14:19:11,-08:00,2025-01-24T14:19:11-08:00,0,18
style.css,146,css,ef423dc4,fanfanccluo,2025-01-24,14:19:11,-08:00,2025-01-24T14:19:11-08:00,0,15
style.css,147,css,ef423dc4,fanfanccluo,2025-01-24,14:19:11,-08:00,2025-01-24T14:19:11-08:00,0,0
style.css,148,css,ef423dc4,fanfanccluo,2025-01-24,14:19:11,-08:00,2025-01-24T14:19:11-08:00,0,18
style.css,149,css,ef423dc4,fanfanccluo,2025-01-24,14:19:11,-08:00,2025-01-24T14:19:11-08:00,0,50
style.css,150,css,ef423dc4,fanfanccluo,2025-01-24,14:19:11,-08:00,2025-01-24T14:19:11-08:00,0,0
style.css,151,css,ef423dc4,fanfanccluo,2025-01-24,14:19:11,-08:00,2025-01-24T14:19:11-08:00,0,0
style.css,152,css,ef423dc4,fanfanccluo,2025-01-24,14:19:11,-08:00,2025-01-24T14:19:11-08:00,0,20
style.css,153,css,9e1b3152,fanfanccluo,2025-02-01,19:29:44,-08:00,2025-02-01T19:29:44-08:00,0,1
style.css,154,css,ef423dc4,fanfanccluo,2025-01-24,14:19:11,-08:00,2025-01-24T14:19:11-08:00,0,10
style.css,155,css,ef423dc4,fanfanccluo,2025-01-24,14:19:11,-08:00,2025-01-24T14:19:11-08:00,0,13
style.css,156,css,ef423dc4,fanfanccluo,2025-01-24,14:19:11,-08:00,2025-01-24T14:19:11-08:00,0,59
style.css,157,css,ef423dc4,fanfanccluo,2025-01-24,14:19:11,-08:00,2025-01-24T14:19:11-08:00,0,8
style.css,158,css,ef423dc4,fanfanccluo,2025-01-24,14:19:11,-08:00,2025-01-24T14:19:11-08:00,0,12
style.css,159,css,ef423dc4,fanfanccluo,2025-01-24,14:19:11,-08:00,2025-01-24T14:19:11-08:00,0,0
style.css,160,css,ef423dc4,fanfanccluo,2025-01-24,14:19:11,-08:00,2025-01-24T14:19:11-08:00,0,18
style.css,161,css,ef423dc4,fanfanccluo,2025-01-24,14:19:11,-08:00,2025-01-24T14:19:11-08:00,0,13
style.css,162,css,ef423dc4,fanfanccluo,2025-01-24,14:19:11,-08:00,2025-01-24T14:19:11-08:00,0,27
style.css,163,css,ef423dc4,fanfanccluo,2025-01-24,14:19:11,-08:00,2025-01-24T14:19:11-08:00,0,16
style.css,164,css,ef423dc4,fanfanccluo,2025-01-24,14:19:11,-08:00,2025-01-24T14:19:11-08:00,0,10
style.css,165,css,ef423dc4,fanfanccluo,2025-01-24,14:19:11,-08:00,2025-01-24T14:19:11-08:00,0,25
style.css,166,css,ef423dc4,fanfanccluo,2025-01-24,14:19:11,-08:00,2025-01-24T14:19:11-08:00,0,22
style.css,167,css,ef423dc4,fanfanccluo,2025-01-24,14:19:11,-08:00,2025-01-24T14:19:11-08:00,0,18
style.css,168,css,ef423dc4,fanfanccluo,2025-01-24,14:19:11,-08:00,2025-01-24T14:19:11-08:00,0,12
style.css,169,css,ef423dc4,fanfanccluo,2025-01-24,14:19:11,-08:00,2025-01-24T14:19:11-08:00,0,0
style.css,170,css,ef423dc4,fanfanccluo,2025-01-24,14:19:11,-08:00,2025-01-24T14:19:11-08:00,0,14
style.css,171,css,ef423dc4,fanfanccluo,2025-01-24,14:19:11,-08:00,2025-01-24T14:19:11-08:00,0,15
style.css,172,css,ef423dc4,fanfanccluo,2025-01-24,14:19:11,-08:00,2025-01-24T14:19:11-08:00,0,12
style.css,173,css,ef423dc4,fanfanccluo,2025-01-24,14:19:11,-08:00,2025-01-24T14:19:11-08:00,0,17
style.css,174,css,ef423dc4,fanfanccluo,2025-01-24,14:19:11,-08:00,2025-01-24T14:19:11-08:00,0,20
style.css,175,css,ef423dc4,fanfanccluo,2025-01-24,14:19:11,-08:00,2025-01-24T14:19:11-08:00,0,0
style.css,176,css,ef423dc4,fanfanccluo,2025-01-24,14:19:11,-08:00,2025-01-24T14:19:11-08:00,0,13
style.css,177,css,ef423dc4,fanfanccluo,2025-01-24,14:19:11,-08:00,2025-01-24T14:19:11-08:00,0,9
style.css,178,css,ef423dc4,fanfanccluo,2025-01-24,14:19:11,-08:00,2025-01-24T14:19:11-08:00,0,16
style.css,179,css,ef423dc4,fanfanccluo,2025-01-24,14:19:11,-08:00,2025-01-24T14:19:11-08:00,0,18
style.css,180,css,ef423dc4,fanfanccluo,2025-01-24,14:19:11,-08:00,2025-01-24T14:19:11-08:00,0,0
style.css,181,css,ef423dc4,fanfanccluo,2025-01-24,14:19:11,-08:00,2025-01-24T14:19:11-08:00,0,12
style.css,182,css,ef423dc4,fanfanccluo,2025-01-24,14:19:11,-08:00,2025-01-24T14:19:11-08:00,0,9
style.css,183,css,ef423dc4,fanfanccluo,2025-01-24,14:19:11,-08:00,2025-01-24T14:19:11-08:00,0,14
style.css,184,css,ef423dc4,fanfanccluo,2025-01-24,14:19:11,-08:00,2025-01-24T14:19:11-08:00,0,11
style.css,185,css,ef423dc4,fanfanccluo,2025-01-24,14:19:11,-08:00,2025-01-24T14:19:11-08:00,0,19
style.css,186,css,ef423dc4,fanfanccluo,2025-01-24,14:19:11,-08:00,2025-01-24T14:19:11-08:00,0,0
style.css,187,css,9e1b3152,fanfanccluo,2025-02-01,19:29:44,-08:00,2025-02-01T19:29:44-08:00,0,1
style.css,188,css,9e1b3152,fanfanccluo,2025-02-01,19:29:44,-08:00,2025-02-01T19:29:44-08:00,0,0
style.css,189,css,9e1b3152,fanfanccluo,2025-02-01,19:29:44,-08:00,2025-02-01T19:29:44-08:00,0,10
style.css,190,css,9e1b3152,fanfanccluo,2025-02-01,19:29:44,-08:00,2025-02-01T19:29:44-08:00,0,47
style.css,191,css,9e1b3152,fanfanccluo,2025-02-01,19:29:44,-08:00,2025-02-01T19:29:44-08:00,0,49
style.css,192,css,9e1b3152,fanfanccluo,2025-02-01,19:29:44,-08:00,2025-02-01T19:29:44-08:00,0,42
style.css,193,css,9e1b3152,fanfanccluo,2025-02-01,19:29:44,-08:00,2025-02-01T19:29:44-08:00,0,35
style.css,194,css,9e1b3152,fanfanccluo,2025-02-01,19:29:44,-08:00,2025-02-01T19:29:44-08:00,0,47
style.css,195,css,9e1b3152,fanfanccluo,2025-02-01,19:29:44,-08:00,2025-02-01T19:29:44-08:00,0,0
style.css,196,css,9e1b3152,fanfanccluo,2025-02-01,19:29:44,-08:00,2025-02-01T19:29:44-08:00,0,0
style.css,197,css,9e1b3152,fanfanccluo,2025-02-01,19:29:44,-08:00,2025-02-01T19:29:44-08:00,0,28
style.css,198,css,9e1b3152,fanfanccluo,2025-02-01,19:29:44,-08:00,2025-02-01T19:29:44-08:00,0,18
style.css,199,css,9e1b3152,fanfanccluo,2025-02-01,19:29:44,-08:00,2025-02-01T19:29:44-08:00,0,17
style.css,200,css,9e1b3152,fanfanccluo,2025-02-01,19:29:44,-08:00,2025-02-01T19:29:44-08:00,0,46
style.css,201,css,9e1b3152,fanfanccluo,2025-02-01,19:29:44,-08:00,2025-02-01T19:29:44-08:00,0,13
style.css,202,css,9e1b3152,fanfanccluo,2025-02-01,19:29:44,-08:00,2025-02-01T19:29:44-08:00,0,32
style.css,203,css,9e1b3152,fanfanccluo,2025-02-01,19:29:44,-08:00,2025-02-01T19:29:44-08:00,0,39
style.css,204,css,9e1b3152,fanfanccluo,2025-02-01,19:29:44,-08:00,2025-02-01T19:29:44-08:00,0,62
style.css,205,css,9e1b3152,fanfanccluo,2025-02-01,19:29:44,-08:00,2025-02-01T19:29:44-08:00,0,38
style.css,206,css,9e1b3152,fanfanccluo,2025-02-01,19:29:44,-08:00,2025-02-01T19:29:44-08:00,0,0
style.css,207,css,9e1b3152,fanfanccluo,2025-02-01,19:29:44,-08:00,2025-02-01T19:29:44-08:00,0,0
style.css,208,css,9e1b3152,fanfanccluo,2025-02-01,19:29:44,-08:00,2025-02-01T19:29:44-08:00,0,24
style.css,209,css,9e1b3152,fanfanccluo,2025-02-01,19:29:44,-08:00,2025-02-01T19:29:44-08:00,0,56
style.css,210,css,9e1b3152,fanfanccluo,2025-02-01,19:29:44,-08:00,2025-02-01T19:29:44-08:00,0,0
style.css,211,css,9e1b3152,fanfanccluo,2025-02-01,19:29:44,-08:00,2025-02-01T19:29:44-08:00,0,0
style.css,212,css,9e1b3152,fanfanccluo,2025-02-01,19:29:44,-08:00,2025-02-01T19:29:44-08:00,0,18
style.css,213,css,9e1b3152,fanfanccluo,2025-02-01,19:29:44,-08:00,2025-02-01T19:29:44-08:00,0,21
style.css,214,css,a7e8ec85,fanfanccluo,2025-02-01,19:39:13,-08:00,2025-02-01T19:39:13-08:00,0,17
style.css,215,css,9e1b3152,fanfanccluo,2025-02-01,19:29:44,-08:00,2025-02-01T19:29:44-08:00,0,17
style.css,216,css,9e1b3152,fanfanccluo,2025-02-01,19:29:44,-08:00,2025-02-01T19:29:44-08:00,0,11
style.css,217,css,9e1b3152,fanfanccluo,2025-02-01,19:29:44,-08:00,2025-02-01T19:29:44-08:00,0,19
style.css,218,css,9e1b3152,fanfanccluo,2025-02-01,19:29:44,-08:00,2025-02-01T19:29:44-08:00,0,0
style.css,219,css,9e1b3152,fanfanccluo,2025-02-01,19:29:44,-08:00,2025-02-01T19:29:44-08:00,0,0
style.css,220,css,9e1b3152,fanfanccluo,2025-02-01,19:29:44,-08:00,2025-02-01T19:29:44-08:00,0,17
style.css,221,css,9e1b3152,fanfanccluo,2025-02-01,19:29:44,-08:00,2025-02-01T19:29:44-08:00,0,25
style.css,222,css,2d490b6b,fanfanccluo,2025-02-08,22:44:22,-08:00,2025-02-08T22:44:22-08:00,0,17
style.css,223,css,2d490b6b,fanfanccluo,2025-02-08,22:44:22,-08:00,2025-02-08T22:44:22-08:00,0,19
style.css,224,css,2d490b6b,fanfanccluo,2025-02-08,22:44:22,-08:00,2025-02-08T22:44:22-08:00,0,11
style.css,225,css,2d490b6b,fanfanccluo,2025-02-08,22:44:22,-08:00,2025-02-08T22:44:22-08:00,0,18
style.css,226,css,2d490b6b,fanfanccluo,2025-02-08,22:44:22,-08:00,2025-02-08T22:44:22-08:00,0,35
style.css,227,css,2d490b6b,fanfanccluo,2025-02-08,22:44:22,-08:00,2025-02-08T22:44:22-08:00,0,19
style.css,228,css,9e1b3152,fanfanccluo,2025-02-01,19:29:44,-08:00,2025-02-01T19:29:44-08:00,0,0
style.css,229,css,9e1b3152,fanfanccluo,2025-02-01,19:29:44,-08:00,2025-02-01T19:29:44-08:00,0,0
style.css,230,css,9e1b3152,fanfanccluo,2025-02-01,19:29:44,-08:00,2025-02-01T19:29:44-08:00,0,30
style.css,231,css,9e1b3152,fanfanccluo,2025-02-01,19:29:44,-08:00,2025-02-01T19:29:44-08:00,0,22
style.css,232,css,9e1b3152,fanfanccluo,2025-02-01,19:29:44,-08:00,2025-02-01T19:29:44-08:00,0,39
style.css,233,css,9e1b3152,fanfanccluo,2025-02-01,19:29:44,-08:00,2025-02-01T19:29:44-08:00,0,30
style.css,234,css,9e1b3152,fanfanccluo,2025-02-01,19:29:44,-08:00,2025-02-01T19:29:44-08:00,0,44
style.css,235,css,9e1b3152,fanfanccluo,2025-02-01,19:29:44,-08:00,2025-02-01T19:29:44-08:00,0,38
style.css,236,css,9e1b3152,fanfanccluo,2025-02-01,19:29:44,-08:00,2025-02-01T19:29:44-08:00,0,47
style.css,237,css,9e1b3152,fanfanccluo,2025-02-01,19:29:44,-08:00,2025-02-01T19:29:44-08:00,0,14
style.css,238,css,9e1b3152,fanfanccluo,2025-02-01,19:29:44,-08:00,2025-02-01T19:29:44-08:00,0,17
style.css,239,css,9e1b3152,fanfanccluo,2025-02-01,19:29:44,-08:00,2025-02-01T19:29:44-08:00,0,0
style.css,240,css,9e1b3152,fanfanccluo,2025-02-01,19:29:44,-08:00,2025-02-01T19:29:44-08:00,0,0
style.css,241,css,9e1b3152,fanfanccluo,2025-02-01,19:29:44,-08:00,2025-02-01T19:29:44-08:00,0,24
style.css,242,css,9e1b3152,fanfanccluo,2025-02-01,19:29:44,-08:00,2025-02-01T19:29:44-08:00,0,20
style.css,243,css,9e1b3152,fanfanccluo,2025-02-01,19:29:44,-08:00,2025-02-01T19:29:44-08:00,0,18
style.css,244,css,9e1b3152,fanfanccluo,2025-02-01,19:29:44,-08:00,2025-02-01T19:29:44-08:00,0,11
style.css,245,css,9e1b3152,fanfanccluo,2025-02-01,19:29:44,-08:00,2025-02-01T19:29:44-08:00,0,16
style.css,246,css,9e1b3152,fanfanccluo,2025-02-01,19:29:44,-08:00,2025-02-01T19:29:44-08:00,0,0
style.css,247,css,ef423dc4,fanfanccluo,2025-01-24,14:19:11,-08:00,2025-01-24T14:19:11-08:00,0,0
style.css,248,css,ef423dc4,fanfanccluo,2025-01-24,14:19:11,-08:00,2025-01-24T14:19:11-08:00,0,0
style.css,249,css,ef423dc4,fanfanccluo,2025-01-24,14:19:11,-08:00,2025-01-24T14:19:11-08:00,0,23
style.css,250,css,ef423dc4,fanfanccluo,2025-01-24,14:19:11,-08:00,2025-01-24T14:19:11-08:00,0,5
style.css,251,css,ef423dc4,fanfanccluo,2025-01-24,14:19:11,-08:00,2025-01-24T14:19:11-08:00,0,16
style.css,252,css,ef423dc4,fanfanccluo,2025-01-24,14:19:11,-08:00,2025-01-24T14:19:11-08:00,0,14
style.css,253,css,ef423dc4,fanfanccluo,2025-01-24,14:19:11,-08:00,2025-01-24T14:19:11-08:00,0,36
style.css,254,css,ef423dc4,fanfanccluo,2025-01-24,14:19:11,-08:00,2025-01-24T14:19:11-08:00,0,13
style.css,255,css,ef423dc4,fanfanccluo,2025-01-24,14:19:11,-08:00,2025-01-24T14:19:11-08:00,0,22
style.css,256,css,ef423dc4,fanfanccluo,2025-01-24,14:19:11,-08:00,2025-01-24T14:19:11-08:00,0,18
style.css,257,css,ef423dc4,fanfanccluo,2025-01-24,14:19:11,-08:00,2025-01-24T14:19:11-08:00,0,40
style.css,258,css,ef423dc4,fanfanccluo,2025-01-24,14:19:11,-08:00,2025-01-24T14:19:11-08:00,0,0
style.css,259,css,ef423dc4,fanfanccluo,2025-01-24,14:19:11,-08:00,2025-01-24T14:19:11-08:00,0,13
style.css,260,css,ef423dc4,fanfanccluo,2025-01-24,14:19:11,-08:00,2025-01-24T14:19:11-08:00,0,19
style.css,261,css,ef423dc4,fanfanccluo,2025-01-24,14:19:11,-08:00,2025-01-24T14:19:11-08:00,0,0
style.css,262,css,ef423dc4,fanfanccluo,2025-01-24,14:19:11,-08:00,2025-01-24T14:19:11-08:00,0,23
style.css,263,css,ef423dc4,fanfanccluo,2025-01-24,14:19:11,-08:00,2025-01-24T14:19:11-08:00,0,17
style.css,264,css,ef423dc4,fanfanccluo,2025-01-24,14:19:11,-08:00,2025-01-24T14:19:11-08:00,0,14
style.css,265,css,ef423dc4,fanfanccluo,2025-01-24,14:19:11,-08:00,2025-01-24T14:19:11-08:00,0,19
style.css,266,css,ef423dc4,fanfanccluo,2025-01-24,14:19:11,-08:00,2025-01-24T14:19:11-08:00,0,29
style.css,267,css,ef423dc4,fanfanccluo,2025-01-24,14:19:11,-08:00,2025-01-24T14:19:11-08:00,0,22
style.css,268,css,ef423dc4,fanfanccluo,2025-01-24,14:19:11,-08:00,2025-01-24T14:19:11-08:00,0,0
style.css,269,css,ef423dc4,fanfanccluo,2025-01-24,14:19:11,-08:00,2025-01-24T14:19:11-08:00,0,16
style.css,270,css,ef423dc4,fanfanccluo,2025-01-24,14:19:11,-08:00,2025-01-24T14:19:11-08:00,0,15
style.css,271,css,ef423dc4,fanfanccluo,2025-01-24,14:19:11,-08:00,2025-01-24T14:19:11-08:00,0,11
style.css,272,css,ef423dc4,fanfanccluo,2025-01-24,14:19:11,-08:00,2025-01-24T14:19:11-08:00,0,19
style.css,273,css,ef423dc4,fanfanccluo,2025-01-24,14:19:11,-08:00,2025-01-24T14:19:11-08:00,0,0
style.css,274,css,ef423dc4,fanfanccluo,2025-01-24,14:19:11,-08:00,2025-01-24T14:19:11-08:00,0,8
style.css,275,css,ef423dc4,fanfanccluo,2025-01-24,14:19:11,-08:00,2025-01-24T14:19:11-08:00,0,21
style.css,276,css,ef423dc4,fanfanccluo,2025-01-24,14:19:11,-08:00,2025-01-24T14:19:11-08:00,0,20
style.css,277,css,ef423dc4,fanfanccluo,2025-01-24,14:19:11,-08:00,2025-01-24T14:19:11-08:00,0,0
style.css,278,css,ef423dc4,fanfanccluo,2025-01-24,14:19:11,-08:00,2025-01-24T14:19:11-08:00,0,11
style.css,279,css,ef423dc4,fanfanccluo,2025-01-24,14:19:11,-08:00,2025-01-24T14:19:11-08:00,0,21
style.css,280,css,ef423dc4,fanfanccluo,2025-01-24,14:19:11,-08:00,2025-01-24T14:19:11-08:00,0,0
style.css,281,css,ef423dc4,fanfanccluo,2025-01-24,14:19:11,-08:00,2025-01-24T14:19:11-08:00,0,23
style.css,282,css,ef423dc4,fanfanccluo,2025-01-24,14:19:11,-08:00,2025-01-24T14:19:11-08:00,0,17
style.css,283,css,ef423dc4,fanfanccluo,2025-01-24,14:19:11,-08:00,2025-01-24T14:19:11-08:00,0,14
style.css,284,css,ef423dc4,fanfanccluo,2025-01-24,14:19:11,-08:00,2025-01-24T14:19:11-08:00,0,21
style.css,285,css,ef423dc4,fanfanccluo,2025-01-24,14:19:11,-08:00,2025-01-24T14:19:11-08:00,0,0
style.css,286,css,ef423dc4,fanfanccluo,2025-01-24,14:19:11,-08:00,2025-01-24T14:19:11-08:00,0,7
style.css,287,css,ef423dc4,fanfanccluo,2025-01-24,14:19:11,-08:00,2025-01-24T14:19:11-08:00,0,18
style.css,288,css,ef423dc4,fanfanccluo,2025-01-24,14:19:11,-08:00,2025-01-24T14:19:11-08:00,0,16
style.css,289,css,ef423dc4,fanfanccluo,2025-01-24,14:19:11,-08:00,2025-01-24T14:19:11-08:00,0,17
style.css,290,css,ef423dc4,fanfanccluo,2025-01-24,14:19:11,-08:00,2025-01-24T14:19:11-08:00,0,11
style.css,291,css,ef423dc4,fanfanccluo,2025-01-24,14:19:11,-08:00,2025-01-24T14:19:11-08:00,0,0
style.css,292,css,ef423dc4,fanfanccluo,2025-01-24,14:19:11,-08:00,2025-01-24T14:19:11-08:00,0,0
style.css,293,css,5c5ff68e,fanfanccluo,2025-02-01,19:17:50,-08:00,2025-02-01T19:17:50-08:00,0,0
style.css,294,css,5c5ff68e,fanfanccluo,2025-02-01,19:17:50,-08:00,2025-02-01T19:17:50-08:00,0,39
style.css,295,css,5c5ff68e,fanfanccluo,2025-02-01,19:17:50,-08:00,2025-02-01T19:17:50-08:00,0,15
style.css,296,css,5c5ff68e,fanfanccluo,2025-02-01,19:17:50,-08:00,2025-02-01T19:17:50-08:00,0,53
style.css,297,css,5c5ff68e,fanfanccluo,2025-02-01,19:17:50,-08:00,2025-02-01T19:17:50-08:00,0,38
style.css,298,css,5c5ff68e,fanfanccluo,2025-02-01,19:17:50,-08:00,2025-02-01T19:17:50-08:00,0,41
style.css,299,css,5c5ff68e,fanfanccluo,2025-02-01,19:17:50,-08:00,2025-02-01T19:17:50-08:00,0,36
style.css,300,css,5c5ff68e,fanfanccluo,2025-02-01,19:17:50,-08:00,2025-02-01T19:17:50-08:00,0,34
style.css,301,css,5c5ff68e,fanfanccluo,2025-02-01,19:17:50,-08:00,2025-02-01T19:17:50-08:00,0,42
style.css,302,css,5c5ff68e,fanfanccluo,2025-02-01,19:17:50,-08:00,2025-02-01T19:17:50-08:00,0,61
style.css,303,css,5c5ff68e,fanfanccluo,2025-02-01,19:17:50,-08:00,2025-02-01T19:17:50-08:00,0,0
style.css,304,css,5c5ff68e,fanfanccluo,2025-02-01,19:17:50,-08:00,2025-02-01T19:17:50-08:00,0,0
style.css,305,css,5c5ff68e,fanfanccluo,2025-02-01,19:17:50,-08:00,2025-02-01T19:17:50-08:00,0,22
style.css,306,css,5c5ff68e,fanfanccluo,2025-02-01,19:17:50,-08:00,2025-02-01T19:17:50-08:00,0,3
style.css,307,css,5c5ff68e,fanfanccluo,2025-02-01,19:17:50,-08:00,2025-02-01T19:17:50-08:00,0,17
style.css,308,css,5c5ff68e,fanfanccluo,2025-02-01,19:17:50,-08:00,2025-02-01T19:17:50-08:00,0,17
style.css,309,css,5c5ff68e,fanfanccluo,2025-02-01,19:17:50,-08:00,2025-02-01T19:17:50-08:00,0,18
style.css,310,css,5c5ff68e,fanfanccluo,2025-02-01,19:17:50,-08:00,2025-02-01T19:17:50-08:00,0,29
style.css,311,css,5c5ff68e,fanfanccluo,2025-02-01,19:17:50,-08:00,2025-02-01T19:17:50-08:00,0,13
style.css,312,css,5c5ff68e,fanfanccluo,2025-02-01,19:17:50,-08:00,2025-02-01T19:17:50-08:00,0,0
style.css,313,css,5c5ff68e,fanfanccluo,2025-02-01,19:17:50,-08:00,2025-02-01T19:17:50-08:00,0,0
style.css,314,css,5c5ff68e,fanfanccluo,2025-02-01,19:17:50,-08:00,2025-02-01T19:17:50-08:00,0,34
style.css,315,css,5c5ff68e,fanfanccluo,2025-02-01,19:17:50,-08:00,2025-02-01T19:17:50-08:00,0,18
style.css,316,css,5c5ff68e,fanfanccluo,2025-02-01,19:17:50,-08:00,2025-02-01T19:17:50-08:00,0,13
style.css,317,css,5c5ff68e,fanfanccluo,2025-02-01,19:17:50,-08:00,2025-02-01T19:17:50-08:00,0,59
style.css,318,css,5c5ff68e,fanfanccluo,2025-02-01,19:17:50,-08:00,2025-02-01T19:17:50-08:00,0,9
style.css,319,css,5c5ff68e,fanfanccluo,2025-02-01,19:17:50,-08:00,2025-02-01T19:17:50-08:00,0,18
style.css,320,css,5c5ff68e,fanfanccluo,2025-02-01,19:17:50,-08:00,2025-02-01T19:17:50-08:00,0,17
style.css,321,css,5c5ff68e,fanfanccluo,2025-02-01,19:17:50,-08:00,2025-02-01T19:17:50-08:00,0,0
style.css,322,css,5c5ff68e,fanfanccluo,2025-02-01,19:17:50,-08:00,2025-02-01T19:17:50-08:00,0,0
style.css,323,css,5c5ff68e,fanfanccluo,2025-02-01,19:17:50,-08:00,2025-02-01T19:17:50-08:00,0,18
style.css,324,css,5c5ff68e,fanfanccluo,2025-02-01,19:17:50,-08:00,2025-02-01T19:17:50-08:00,0,17
style.css,325,css,5c5ff68e,fanfanccluo,2025-02-01,19:17:50,-08:00,2025-02-01T19:17:50-08:00,0,11
style.css,326,css,5c5ff68e,fanfanccluo,2025-02-01,19:17:50,-08:00,2025-02-01T19:17:50-08:00,0,25
style.css,327,css,5c5ff68e,fanfanccluo,2025-02-01,19:17:50,-08:00,2025-02-01T19:17:50-08:00,0,17
style.css,328,css,5c5ff68e,fanfanccluo,2025-02-01,19:17:50,-08:00,2025-02-01T19:17:50-08:00,0,0
style.css,329,css,5c5ff68e,fanfanccluo,2025-02-01,19:17:50,-08:00,2025-02-01T19:17:50-08:00,0,0
style.css,330,css,5c5ff68e,fanfanccluo,2025-02-01,19:17:50,-08:00,2025-02-01T19:17:50-08:00,0,18
style.css,331,css,5c5ff68e,fanfanccluo,2025-02-01,19:17:50,-08:00,2025-02-01T19:17:50-08:00,0,17
style.css,332,css,5c5ff68e,fanfanccluo,2025-02-01,19:17:50,-08:00,2025-02-01T19:17:50-08:00,0,17
style.css,333,css,5c5ff68e,fanfanccluo,2025-02-01,19:17:50,-08:00,2025-02-01T19:17:50-08:00,0,9
style.css,334,css,5c5ff68e,fanfanccluo,2025-02-01,19:17:50,-08:00,2025-02-01T19:17:50-08:00,0,12
style.css,335,css,5c5ff68e,fanfanccluo,2025-02-01,19:17:50,-08:00,2025-02-01T19:17:50-08:00,0,0
style.css,336,css,2d490b6b,fanfanccluo,2025-02-08,22:44:22,-08:00,2025-02-08T22:44:22-08:00,0,0
style.css,337,css,2d490b6b,fanfanccluo,2025-02-08,22:44:22,-08:00,2025-02-08T22:44:22-08:00,0,19
style.css,338,css,2d490b6b,fanfanccluo,2025-02-08,22:44:22,-08:00,2025-02-08T22:44:22-08:00,0,15
style.css,339,css,2d490b6b,fanfanccluo,2025-02-08,22:44:22,-08:00,2025-02-08T22:44:22-08:00,0,17
style.css,340,css,2d490b6b,fanfanccluo,2025-02-08,22:44:22,-08:00,2025-02-08T22:44:22-08:00,0,17
style.css,341,css,2d490b6b,fanfanccluo,2025-02-08,22:44:22,-08:00,2025-02-08T22:44:22-08:00,0,0
style.css,342,css,2d490b6b,fanfanccluo,2025-02-08,22:44:22,-08:00,2025-02-08T22:44:22-08:00,0,0
style.css,343,css,2d490b6b,fanfanccluo,2025-02-08,22:44:22,-08:00,2025-02-08T22:44:22-08:00,0,19
style.css,344,css,2d490b6b,fanfanccluo,2025-02-08,22:44:22,-08:00,2025-02-08T22:44:22-08:00,0,11
style.css,345,css,2d490b6b,fanfanccluo,2025-02-08,22:44:22,-08:00,2025-02-08T22:44:22-08:00,0,13
style.css,346,css,2d490b6b,fanfanccluo,2025-02-08,22:44:22,-08:00,2025-02-08T22:44:22-08:00,0,15
style.css,347,css,2d490b6b,fanfanccluo,2025-02-08,22:44:22,-08:00,2025-02-08T22:44:22-08:00,0,23
style.css,348,css,2d490b6b,fanfanccluo,2025-02-08,22:44:22,-08:00,2025-02-08T22:44:22-08:00,0,8
style.css,349,css,2d490b6b,fanfanccluo,2025-02-08,22:44:22,-08:00,2025-02-08T22:44:22-08:00,0,13
style.css,350,css,2d490b6b,fanfanccluo,2025-02-08,22:44:22,-08:00,2025-02-08T22:44:22-08:00,0,0
style.css,351,css,2d490b6b,fanfanccluo,2025-02-08,22:44:22,-08:00,2025-02-08T22:44:22-08:00,0,0
style.css,352,css,2d490b6b,fanfanccluo,2025-02-08,22:44:22,-08:00,2025-02-08T22:44:22-08:00,0,4
style.css,353,css,2d490b6b,fanfanccluo,2025-02-08,22:44:22,-08:00,2025-02-08T22:44:22-08:00,0,15
style.css,354,css,2d490b6b,fanfanccluo,2025-02-08,22:44:22,-08:00,2025-02-08T22:44:22-08:00,0,15
style.css,355,css,2d490b6b,fanfanccluo,2025-02-08,22:44:22,-08:00,2025-02-08T22:44:22-08:00,0,12
style.css,356,css,2d490b6b,fanfanccluo,2025-02-08,22:44:22,-08:00,2025-02-08T22:44:22-08:00,0,0
style.css,357,css,2d490b6b,fanfanccluo,2025-02-08,22:44:22,-08:00,2025-02-08T22:44:22-08:00,0,0
style.css,358,css,2d490b6b,fanfanccluo,2025-02-08,22:44:22,-08:00,2025-02-08T22:44:22-08:00,0,8
style.css,359,css,2d490b6b,fanfanccluo,2025-02-08,22:44:22,-08:00,2025-02-08T22:44:22-08:00,0,15
style.css,360,css,2d490b6b,fanfanccluo,2025-02-08,22:44:22,-08:00,2025-02-08T22:44:22-08:00,0,13
style.css,361,css,2d490b6b,fanfanccluo,2025-02-08,22:44:22,-08:00,2025-02-08T22:44:22-08:00,0,58
style.css,362,css,2d490b6b,fanfanccluo,2025-02-08,22:44:22,-08:00,2025-02-08T22:44:22-08:00,0,8
style.css,363,css,2d490b6b,fanfanccluo,2025-02-08,22:44:22,-08:00,2025-02-08T22:44:22-08:00,0,22
style.css,364,css,2d490b6b,fanfanccluo,2025-02-08,22:44:22,-08:00,2025-02-08T22:44:22-08:00,0,12
style.css,365,css,2d490b6b,fanfanccluo,2025-02-08,22:44:22,-08:00,2025-02-08T22:44:22-08:00,0,25
style.css,366,css,2d490b6b,fanfanccluo,2025-02-08,22:44:22,-08:00,2025-02-08T22:44:22-08:00,0,18
style.css,367,css,2d490b6b,fanfanccluo,2025-02-08,22:44:22,-08:00,2025-02-08T22:44:22-08:00,0,0
style.css,368,css,2d490b6b,fanfanccluo,2025-02-08,22:44:22,-08:00,2025-02-08T22:44:22-08:00,0,0
style.css,369,css,2d490b6b,fanfanccluo,2025-02-08,22:44:22,-08:00,2025-02-08T22:44:22-08:00,0,13
style.css,370,css,2d490b6b,fanfanccluo,2025-02-08,22:44:22,-08:00,2025-02-08T22:44:22-08:00,0,13
style.css,371,css,2d490b6b,fanfanccluo,2025-02-08,22:44:22,-08:00,2025-02-08T22:44:22-08:00,0,19
style.css,372,css,2d490b6b,fanfanccluo,2025-02-08,22:44:22,-08:00,2025-02-08T22:44:22-08:00,0,10
style.css,373,css,2d490b6b,fanfanccluo,2025-02-08,22:44:22,-08:00,2025-02-08T22:44:22-08:00,0,0
style.css,374,css,2d490b6b,fanfanccluo,2025-02-08,22:44:22,-08:00,2025-02-08T22:44:22-08:00,0,0
style.css,375,css,2d490b6b,fanfanccluo,2025-02-08,22:44:22,-08:00,2025-02-08T22:44:22-08:00,0,8
style.css,376,css,2d490b6b,fanfanccluo,2025-02-08,22:44:22,-08:00,2025-02-08T22:44:22-08:00,0,10
style.css,377,css,2d490b6b,fanfanccluo,2025-02-08,22:44:22,-08:00,2025-02-08T22:44:22-08:00,0,11
style.css,378,css,2d490b6b,fanfanccluo,2025-02-08,22:44:22,-08:00,2025-02-08T22:44:22-08:00,0,19
style.css,379,css,2d490b6b,fanfanccluo,2025-02-08,22:44:22,-08:00,2025-02-08T22:44:22-08:00,0,30
style.css,380,css,2d490b6b,fanfanccluo,2025-02-08,22:44:22,-08:00,2025-02-08T22:44:22-08:00,0,18
style.css,381,css,2d490b6b,fanfanccluo,2025-02-08,22:44:22,-08:00,2025-02-08T22:44:22-08:00,0,21
style.css,382,css,2d490b6b,fanfanccluo,2025-02-08,22:44:22,-08:00,2025-02-08T22:44:22-08:00,0,22
style.css,383,css,2d490b6b,fanfanccluo,2025-02-08,22:44:22,-08:00,2025-02-08T22:44:22-08:00,0,0
style.css,384,css,2d490b6b,fanfanccluo,2025-02-08,22:44:22,-08:00,2025-02-08T22:44:22-08:00,0,0
style.css,385,css,2d490b6b,fanfanccluo,2025-02-08,22:44:22,-08:00,2025-02-08T22:44:22-08:00,0,0
style.css,386,css,2d490b6b,fanfanccluo,2025-02-08,22:44:22,-08:00,2025-02-08T22:44:22-08:00,0,27
style.css,387,css,2d490b6b,fanfanccluo,2025-02-08,22:44:22,-08:00,2025-02-08T22:44:22-08:00,0,37
style.css,388,css,2d490b6b,fanfanccluo,2025-02-08,22:44:22,-08:00,2025-02-08T22:44:22-08:00,0,46
style.css,389,css,2d490b6b,fanfanccluo,2025-02-08,22:44:22,-08:00,2025-02-08T22:44:22-08:00,0,53
style.css,390,css,2d490b6b,fanfanccluo,2025-02-08,22:44:22,-08:00,2025-02-08T22:44:22-08:00,0,0
style.css,391,css,2d490b6b,fanfanccluo,2025-02-08,22:44:22,-08:00,2025-02-08T22:44:22-08:00,0,0
style.css,392,css,2d490b6b,fanfanccluo,2025-02-08,22:44:22,-08:00,2025-02-08T22:44:22-08:00,0,5
style.css,393,css,2d490b6b,fanfanccluo,2025-02-08,22:44:22,-08:00,2025-02-08T22:44:22-08:00,0,17
style.css,394,css,e6b63d3a,fanfanccluo,2025-02-08,23:22:08,-08:00,2025-02-08T23:22:08-08:00,0,15
style.css,395,css,2d490b6b,fanfanccluo,2025-02-08,22:44:22,-08:00,2025-02-08T22:44:22-08:00,0,0
style.css,396,css,2d490b6b,fanfanccluo,2025-02-08,22:44:22,-08:00,2025-02-08T22:44:22-08:00,0,0
style.css,397,css,2d490b6b,fanfanccluo,2025-02-08,22:44:22,-08:00,2025-02-08T22:44:22-08:00,0,0
style.css,398,css,2d490b6b,fanfanccluo,2025-02-08,22:44:22,-08:00,2025-02-08T22:44:22-08:00,0,10
style.css,399,css,2d490b6b,fanfanccluo,2025-02-08,22:44:22,-08:00,2025-02-08T22:44:22-08:00,0,36
style.css,400,css,2d490b6b,fanfanccluo,2025-02-08,22:44:22,-08:00,2025-02-08T22:44:22-08:00,0,0
style.css,401,css,2d490b6b,fanfanccluo,2025-02-08,22:44:22,-08:00,2025-02-08T22:44:22-08:00,0,11
style.css,402,css,2d490b6b,fanfanccluo,2025-02-08,22:44:22,-08:00,2025-02-08T22:44:22-08:00,0,18
style.css,403,css,2d490b6b,fanfanccluo,2025-02-08,22:44:22,-08:00,2025-02-08T22:44:22-08:00,0,0
style.css,404,css,e6b63d3a,fanfanccluo,2025-02-08,23:22:08,-08:00,2025-02-08T23:22:08-08:00,0,0
style.css,405,css,e6b63d3a,fanfanccluo,2025-02-08,23:22:08,-08:00,2025-02-08T23:22:08-08:00,0,0
style.css,406,css,e6b63d3a,fanfanccluo,2025-02-08,23:22:08,-08:00,2025-02-08T23:22:08-08:00,0,0
style.css,407,css,e6b63d3a,fanfanccluo,2025-02-08,23:22:08,-08:00,2025-02-08T23:22:08-08:00,0,26
style.css,408,css,e6b63d3a,fanfanccluo,2025-02-08,23:22:08,-08:00,2025-02-08T23:22:08-08:00,0,11
style.css,409,css,e6b63d3a,fanfanccluo,2025-02-08,23:22:08,-08:00,2025-02-08T23:22:08-08:00,0,11
style.css,410,css,e6b63d3a,fanfanccluo,2025-02-08,23:22:08,-08:00,2025-02-08T23:22:08-08:00,0,16
style.css,411,css,e6b63d3a,fanfanccluo,2025-02-08,23:22:08,-08:00,2025-02-08T23:22:08-08:00,0,19
style.css,412,css,e6b63d3a,fanfanccluo,2025-02-08,23:22:08,-08:00,2025-02-08T23:22:08-08:00,0,15
style.css,413,css,e6b63d3a,fanfanccluo,2025-02-08,23:22:08,-08:00,2025-02-08T23:22:08-08:00,0,22
style.css,414,css,e6b63d3a,fanfanccluo,2025-02-08,23:22:08,-08:00,2025-02-08T23:22:08-08:00,0,18
style.css,415,css,e6b63d3a,fanfanccluo,2025-02-08,23:22:08,-08:00,2025-02-08T23:22:08-08:00,0,13
style.css,416,css,e6b63d3a,fanfanccluo,2025-02-08,23:22:08,-08:00,2025-02-08T23:22:08-08:00,0,56
style.css,417,css,e6b63d3a,fanfanccluo,2025-02-08,23:22:08,-08:00,2025-02-08T23:22:08-08:00,0,0
index.js,1,js,5c5ff68e,fanfanccluo,2025-02-01,19:17:50,-08:00,2025-02-01T19:17:50-08:00,0,55
index.js,2,js,5c5ff68e,fanfanccluo,2025-02-01,19:17:50,-08:00,2025-02-01T19:17:50-08:00,0,0
index.js,3,js,5c5ff68e,fanfanccluo,2025-02-01,19:17:50,-08:00,2025-02-01T19:17:50-08:00,0,36
index.js,4,js,5c5ff68e,fanfanccluo,2025-02-01,19:17:50,-08:00,2025-02-01T19:17:50-08:00,0,4
index.js,5,js,5c5ff68e,fanfanccluo,2025-02-01,19:17:50,-08:00,2025-02-01T19:17:50-08:00,0,87
index.js,6,js,5c5ff68e,fanfanccluo,2025-02-01,19:17:50,-08:00,2025-02-01T19:17:50-08:00,0,71
index.js,7,js,5c5ff68e,fanfanccluo,2025-02-01,19:17:50,-08:00,2025-02-01T19:17:50-08:00,0,0
index.js,8,js,5c5ff68e,fanfanccluo,2025-02-01,19:17:50,-08:00,2025-02-01T19:17:50-08:00,0,61
index.js,9,js,5c5ff68e,fanfanccluo,2025-02-01,19:17:50,-08:00,2025-02-01T19:17:50-08:00,0,24
index.js,10,js,5c5ff68e,fanfanccluo,2025-02-01,19:17:50,-08:00,2025-02-01T19:17:50-08:00,0,70
index.js,11,js,5c5ff68e,fanfanccluo,2025-02-01,19:17:50,-08:00,2025-02-01T19:17:50-08:00,0,6
index.js,12,js,5c5ff68e,fanfanccluo,2025-02-01,19:17:50,-08:00,2025-02-01T19:17:50-08:00,0,0
index.js,13,js,5c5ff68e,fanfanccluo,2025-02-01,19:17:50,-08:00,2025-02-01T19:17:50-08:00,0,0
index.js,14,js,5c5ff68e,fanfanccluo,2025-02-01,19:17:50,-08:00,2025-02-01T19:17:50-08:00,0,55
index.js,15,js,5c5ff68e,fanfanccluo,2025-02-01,19:17:50,-08:00,2025-02-01T19:17:50-08:00,0,16
index.js,16,js,5c5ff68e,fanfanccluo,2025-02-01,19:17:50,-08:00,2025-02-01T19:17:50-08:00,0,47
index.js,17,js,5c5ff68e,fanfanccluo,2025-02-01,19:17:50,-08:00,2025-02-01T19:17:50-08:00,0,0
index.js,18,js,5c5ff68e,fanfanccluo,2025-02-01,19:17:50,-08:00,2025-02-01T19:17:50-08:00,0,0
index.js,19,js,5c5ff68e,fanfanccluo,2025-02-01,19:17:50,-08:00,2025-02-01T19:17:50-08:00,0,0
index.js,20,js,5c5ff68e,fanfanccluo,2025-02-01,19:17:50,-08:00,2025-02-01T19:17:50-08:00,0,20
index.js,21,js,5c5ff68e,fanfanccluo,2025-02-01,19:17:50,-08:00,2025-02-01T19:17:50-08:00,0,0
index.js,22,js,5c5ff68e,fanfanccluo,2025-02-01,19:17:50,-08:00,2025-02-01T19:17:50-08:00,0,0
index.js,23,js,5c5ff68e,fanfanccluo,2025-02-01,19:17:50,-08:00,2025-02-01T19:17:50-08:00,0,0
index.js,24,js,5c5ff68e,fanfanccluo,2025-02-01,19:17:50,-08:00,2025-02-01T19:17:50-08:00,0,0
index.js,25,js,5c5ff68e,fanfanccluo,2025-02-01,19:17:50,-08:00,2025-02-01T19:17:50-08:00,0,0
index.js,26,js,5c5ff68e,fanfanccluo,2025-02-01,19:17:50,-08:00,2025-02-01T19:17:50-08:00,0,0
index.js,27,js,5c5ff68e,fanfanccluo,2025-02-01,19:17:50,-08:00,2025-02-01T19:17:50-08:00,0,0
index.js,28,js,5c5ff68e,fanfanccluo,2025-02-01,19:17:50,-08:00,2025-02-01T19:17:50-08:00,0,0
index.js,29,js,5c5ff68e,fanfanccluo,2025-02-01,19:17:50,-08:00,2025-02-01T19:17:50-08:00,0,0
index.js,30,js,5c5ff68e,fanfanccluo,2025-02-01,19:17:50,-08:00,2025-02-01T19:17:50-08:00,0,0
index.js,31,js,5c5ff68e,fanfanccluo,2025-02-01,19:17:50,-08:00,2025-02-01T19:17:50-08:00,0,0
index.js,32,js,5c5ff68e,fanfanccluo,2025-02-01,19:17:50,-08:00,2025-02-01T19:17:50-08:00,0,0
index.js,33,js,5c5ff68e,fanfanccluo,2025-02-01,19:17:50,-08:00,2025-02-01T19:17:50-08:00,0,0
index.js,34,js,5c5ff68e,fanfanccluo,2025-02-01,19:17:50,-08:00,2025-02-01T19:17:50-08:00,0,0
index.js,35,js,5c5ff68e,fanfanccluo,2025-02-01,19:17:50,-08:00,2025-02-01T19:17:50-08:00,0,0
index.js,36,js,5c5ff68e,fanfanccluo,2025-02-01,19:17:50,-08:00,2025-02-01T19:17:50-08:00,0,0
index.js,37,js,39806100,fanfanccluo,2025-02-01,17:50:18,-08:00,2025-02-01T17:50:18-08:00,0,45
index.js,38,js,39806100,fanfanccluo,2025-02-01,17:50:18,-08:00,2025-02-01T17:50:18-08:00,0,0
index.js,39,js,39806100,fanfanccluo,2025-02-01,17:50:18,-08:00,2025-02-01T17:50:18-08:00,0,33
index.js,40,js,e9825178,fanfanccluo,2025-02-01,18:48:43,-08:00,2025-02-01T18:48:43-08:00,0,55
index.js,41,js,39806100,fanfanccluo,2025-02-01,17:50:18,-08:00,2025-02-01T17:50:18-08:00,0,61
index.js,42,js,39806100,fanfanccluo,2025-02-01,17:50:18,-08:00,2025-02-01T17:50:18-08:00,0,0
index.js,43,js,e9825178,fanfanccluo,2025-02-01,18:48:43,-08:00,2025-02-01T18:48:43-08:00,0,32
index.js,44,js,39806100,fanfanccluo,2025-02-01,17:50:18,-08:00,2025-02-01T17:50:18-08:00,0,25
index.js,45,js,39806100,fanfanccluo,2025-02-01,17:50:18,-08:00,2025-02-01T17:50:18-08:00,0,3
index.js,46,js,39806100,fanfanccluo,2025-02-01,17:50:18,-08:00,2025-02-01T17:50:18-08:00,0,50
index.js,47,js,39806100,fanfanccluo,2025-02-01,17:50:18,-08:00,2025-02-01T17:50:18-08:00,0,50
index.js,48,js,e9825178,fanfanccluo,2025-02-01,18:48:43,-08:00,2025-02-01T18:48:43-08:00,0,56
index.js,49,js,e9825178,fanfanccluo,2025-02-01,18:48:43,-08:00,2025-02-01T18:48:43-08:00,0,56
index.js,50,js,39806100,fanfanccluo,2025-02-01,17:50:18,-08:00,2025-02-01T17:50:18-08:00,0,4
index.js,51,js,39806100,fanfanccluo,2025-02-01,17:50:18,-08:00,2025-02-01T17:50:18-08:00,0,1
index.js,52,js,e9825178,fanfanccluo,2025-02-01,18:48:43,-08:00,2025-02-01T18:48:43-08:00,0,7
index.js,53,js,e9825178,fanfanccluo,2025-02-01,18:48:43,-08:00,2025-02-01T18:48:43-08:00,0,58
index.js,54,js,39806100,fanfanccluo,2025-02-01,17:50:18,-08:00,2025-02-01T17:50:18-08:00,0,0
index.js,55,js,39806100,fanfanccluo,2025-02-01,17:50:18,-08:00,2025-02-01T17:50:18-08:00,0,0
index.js,56,js,39806100,fanfanccluo,2025-02-01,17:50:18,-08:00,2025-02-01T17:50:18-08:00,0,0
index.js,57,js,e9825178,fanfanccluo,2025-02-01,18:48:43,-08:00,2025-02-01T18:48:43-08:00,0,17
index.html,1,html,e8fb2832,fanfanccluo,2025-01-09,23:53:15,-08:00,2025-01-09T23:53:15-08:00,0,14
index.html,2,html,2d490b6b,fanfanccluo,2025-02-08,22:44:22,-08:00,2025-02-08T22:44:22-08:00,0,28
index.html,3,html,e8fb2832,fanfanccluo,2025-01-09,23:53:15,-08:00,2025-01-09T23:53:15-08:00,0,5
index.html,4,html,e8fb2832,fanfanccluo,2025-01-09,23:53:15,-08:00,2025-01-09T23:53:15-08:00,0,21
index.html,5,html,e8fb2832,fanfanccluo,2025-01-09,23:53:15,-08:00,2025-01-09T23:53:15-08:00,0,69
index.html,6,html,110ff0cb,fanfanccluo,2025-02-01,15:26:07,-08:00,2025-02-01T15:26:07-08:00,0,52
index.html,7,html,b50b3f58,fanfanccluo,2025-01-10,12:04:38,-08:00,2025-01-10T12:04:38-08:00,0,39
index.html,8,html,1324de37,fanfanccluo,2025-01-22,22:28:08,-08:00,2025-01-22T22:28:08-08:00,0,46
index.html,9,html,6aafbd16,fanfanccluo,2025-02-01,18:36:11,-08:00,2025-02-01T18:36:11-08:00,0,45
index.html,10,html,e8fb2832,fanfanccluo,2025-01-09,23:53:15,-08:00,2025-01-09T23:53:15-08:00,0,6
index.html,11,html,e8fb2832,fanfanccluo,2025-01-09,23:53:15,-08:00,2025-01-09T23:53:15-08:00,0,5
index.html,12,html,a630ecd4,fanfanccluo,2025-01-17,23:00:56,-08:00,2025-01-17T23:00:56-08:00,0,22
index.html,13,html,9e1b3152,fanfanccluo,2025-02-01,19:29:44,-08:00,2025-02-01T19:29:44-08:00,0,3
index.html,14,html,9e1b3152,fanfanccluo,2025-02-01,19:29:44,-08:00,2025-02-01T19:29:44-08:00,0,58
index.html,15,html,9e1b3152,fanfanccluo,2025-02-01,19:29:44,-08:00,2025-02-01T19:29:44-08:00,0,2
index.html,16,html,9e1b3152,fanfanccluo,2025-02-01,19:29:44,-08:00,2025-02-01T19:29:44-08:00,0,0
index.html,17,html,9e1b3152,fanfanccluo,2025-02-01,19:29:44,-08:00,2025-02-01T19:29:44-08:00,0,104
index.html,18,html,9e1b3152,fanfanccluo,2025-02-01,19:29:44,-08:00,2025-02-01T19:29:44-08:00,0,113
index.html,19,html,9e1b3152,fanfanccluo,2025-02-01,19:29:44,-08:00,2025-02-01T19:29:44-08:00,0,43
index.html,20,html,9e1b3152,fanfanccluo,2025-02-01,19:29:44,-08:00,2025-02-01T19:29:44-08:00,0,3
index.html,21,html,9e1b3152,fanfanccluo,2025-02-01,19:29:44,-08:00,2025-02-01T19:29:44-08:00,0,86
index.html,22,html,6aafbd16,fanfanccluo,2025-02-01,18:36:11,-08:00,2025-02-01T18:36:11-08:00,0,0
index.html,23,html,5c5ff68e,fanfanccluo,2025-02-01,19:17:50,-08:00,2025-02-01T19:17:50-08:00,0,23
index.html,24,html,5c5ff68e,fanfanccluo,2025-02-01,19:17:50,-08:00,2025-02-01T19:17:50-08:00,0,21
index.html,25,html,5c5ff68e,fanfanccluo,2025-02-01,19:17:50,-08:00,2025-02-01T19:17:50-08:00,0,50
index.html,26,html,5c5ff68e,fanfanccluo,2025-02-01,19:17:50,-08:00,2025-02-01T19:17:50-08:00,0,5
index.html,27,html,5c5ff68e,fanfanccluo,2025-02-01,19:17:50,-08:00,2025-02-01T19:17:50-08:00,0,0
index.html,28,html,6aafbd16,fanfanccluo,2025-02-01,18:36:11,-08:00,2025-02-01T18:36:11-08:00,0,23
index.html,29,html,9e1b3152,fanfanccluo,2025-02-01,19:29:44,-08:00,2025-02-01T19:29:44-08:00,0,51
index.html,30,html,39806100,fanfanccluo,2025-02-01,17:50:18,-08:00,2025-02-01T17:50:18-08:00,0,29
index.html,31,html,110ff0cb,fanfanccluo,2025-02-01,15:26:07,-08:00,2025-02-01T15:26:07-08:00,0,0
index.html,32,html,e8fb2832,fanfanccluo,2025-01-09,23:53:15,-08:00,2025-01-09T23:53:15-08:00,0,6
index.html,33,html,110ff0cb,fanfanccluo,2025-02-01,15:26:07,-08:00,2025-02-01T15:26:07-08:00,0,6
global.js,1,js,1324de37,fanfanccluo,2025-01-22,22:28:08,-08:00,2025-01-22T22:28:08-08:00,0,42
global.js,2,js,1324de37,fanfanccluo,2025-01-22,22:28:08,-08:00,2025-01-22T22:28:08-08:00,0,53
global.js,3,js,1324de37,fanfanccluo,2025-01-22,22:28:08,-08:00,2025-01-22T22:28:08-08:00,0,0
global.js,4,js,ef8064c1,fanfanccluo,2025-01-23,13:15:44,-08:00,2025-01-23T13:15:44-08:00,0,0
global.js,5,js,90b3a3d4,fanfanccluo,2025-01-23,15:33:11,-08:00,2025-01-23T15:33:11-08:00,0,23
global.js,6,js,ab283d43,fanfanccluo,2025-01-23,15:21:08,-08:00,2025-01-23T15:21:08-08:00,0,31
global.js,7,js,ab283d43,fanfanccluo,2025-01-23,15:21:08,-08:00,2025-01-23T15:21:08-08:00,0,66
global.js,8,js,ab283d43,fanfanccluo,2025-01-23,15:21:08,-08:00,2025-01-23T15:21:08-08:00,0,1
global.js,9,js,ab283d43,fanfanccluo,2025-01-23,15:21:08,-08:00,2025-01-23T15:21:08-08:00,0,0
global.js,10,js,ef8064c1,fanfanccluo,2025-01-23,13:15:44,-08:00,2025-01-23T13:15:44-08:00,0,12
global.js,11,js,2d490b6b,fanfanccluo,2025-02-08,22:44:22,-08:00,2025-02-08T22:44:22-08:00,0,36
global.js,12,js,2d490b6b,fanfanccluo,2025-02-08,22:44:22,-08:00,2025-02-08T22:44:22-08:00,0,49
global.js,13,js,2d490b6b,fanfanccluo,2025-02-08,22:44:22,-08:00,2025-02-08T22:44:22-08:00,0,47
global.js,14,js,2d490b6b,fanfanccluo,2025-02-08,22:44:22,-08:00,2025-02-08T22:44:22-08:00,0,37
global.js,15,js,00000000,Not Committed Yet,2025-02-12,22:03:41,-08:00,2025-02-12T22:03:41-08:00,0,41
global.js,16,js,3fdeaba6,fanfanccluo,2025-02-01,16:29:10,-08:00,2025-02-01T16:29:10-08:00,0,59
global.js,17,js,3fdeaba6,fanfanccluo,2025-02-01,16:29:10,-08:00,2025-02-01T16:29:10-08:00,0,1
global.js,18,js,2d490b6b,fanfanccluo,2025-02-08,22:44:22,-08:00,2025-02-08T22:44:22-08:00,0,0
global.js,19,js,2d490b6b,fanfanccluo,2025-02-08,22:44:22,-08:00,2025-02-08T22:44:22-08:00,0,71
global.js,20,js,ef8064c1,fanfanccluo,2025-01-23,13:15:44,-08:00,2025-01-23T13:15:44-08:00,0,39
global.js,21,js,3fdeaba6,fanfanccluo,2025-02-01,16:29:10,-08:00,2025-02-01T16:29:10-08:00,0,26
global.js,22,js,2115db1e,fanfanccluo,2025-01-23,15:06:42,-08:00,2025-01-23T15:06:42-08:00,0,0
global.js,23,js,3fdeaba6,fanfanccluo,2025-02-01,16:29:10,-08:00,2025-02-01T16:29:10-08:00,0,21
global.js,24,js,3fdeaba6,fanfanccluo,2025-02-01,16:29:10,-08:00,2025-02-01T16:29:10-08:00,0,35
global.js,25,js,2d490b6b,fanfanccluo,2025-02-08,22:44:22,-08:00,2025-02-08T22:44:22-08:00,0,75
global.js,26,js,2d490b6b,fanfanccluo,2025-02-08,22:44:22,-08:00,2025-02-08T22:44:22-08:00,0,12
global.js,27,js,3fdeaba6,fanfanccluo,2025-02-01,16:29:10,-08:00,2025-02-01T16:29:10-08:00,0,23
global.js,28,js,2115db1e,fanfanccluo,2025-01-23,15:06:42,-08:00,2025-01-23T15:06:42-08:00,0,0
global.js,29,js,3fdeaba6,fanfanccluo,2025-02-01,16:29:10,-08:00,2025-02-01T16:29:10-08:00,0,18
global.js,30,js,3fdeaba6,fanfanccluo,2025-02-01,16:29:10,-08:00,2025-02-01T16:29:10-08:00,0,9
global.js,31,js,3fdeaba6,fanfanccluo,2025-02-01,16:29:10,-08:00,2025-02-01T16:29:10-08:00,0,59
global.js,32,js,3fdeaba6,fanfanccluo,2025-02-01,16:29:10,-08:00,2025-02-01T16:29:10-08:00,0,1
global.js,33,js,2115db1e,fanfanccluo,2025-01-23,15:06:42,-08:00,2025-01-23T15:06:42-08:00,0,0
global.js,34,js,3fdeaba6,fanfanccluo,2025-02-01,16:29:10,-08:00,2025-02-01T16:29:10-08:00,0,53
global.js,35,js,3fdeaba6,fanfanccluo,2025-02-01,16:29:10,-08:00,2025-02-01T16:29:10-08:00,0,13
global.js,36,js,ef8064c1,fanfanccluo,2025-01-23,13:15:44,-08:00,2025-01-23T13:15:44-08:00,0,0
global.js,37,js,3fdeaba6,fanfanccluo,2025-02-01,16:29:10,-08:00,2025-02-01T16:29:10-08:00,0,0
global.js,38,js,2af5214f,fanfanccluo,2025-01-23,16:09:38,-08:00,2025-01-23T16:09:38-08:00,0,32
global.js,39,js,2af5214f,fanfanccluo,2025-01-23,16:09:38,-08:00,2025-01-23T16:09:38-08:00,0,12
global.js,40,js,2af5214f,fanfanccluo,2025-01-23,16:09:38,-08:00,2025-01-23T16:09:38-08:00,0,0
global.js,41,js,2af5214f,fanfanccluo,2025-01-23,16:09:38,-08:00,2025-01-23T16:09:38-08:00,0,27
global.js,42,js,2af5214f,fanfanccluo,2025-01-23,16:09:38,-08:00,2025-01-23T16:09:38-08:00,0,5
global.js,43,js,2af5214f,fanfanccluo,2025-01-23,16:09:38,-08:00,2025-01-23T16:09:38-08:00,0,25
global.js,44,js,2af5214f,fanfanccluo,2025-01-23,16:09:38,-08:00,2025-01-23T16:09:38-08:00,0,44
global.js,45,js,2af5214f,fanfanccluo,2025-01-23,16:09:38,-08:00,2025-01-23T16:09:38-08:00,0,35
global.js,46,js,2af5214f,fanfanccluo,2025-01-23,16:09:38,-08:00,2025-01-23T16:09:38-08:00,0,33
global.js,47,js,2af5214f,fanfanccluo,2025-01-23,16:09:38,-08:00,2025-01-23T16:09:38-08:00,0,8
global.js,48,js,2af5214f,fanfanccluo,2025-01-23,16:09:38,-08:00,2025-01-23T16:09:38-08:00,0,8
global.js,49,js,2af5214f,fanfanccluo,2025-01-23,16:09:38,-08:00,2025-01-23T16:09:38-08:00,0,1
global.js,50,js,2af5214f,fanfanccluo,2025-01-23,16:09:38,-08:00,2025-01-23T16:09:38-08:00,0,0
global.js,51,js,2af5214f,fanfanccluo,2025-01-23,16:09:38,-08:00,2025-01-23T16:09:38-08:00,0,39
global.js,52,js,2af5214f,fanfanccluo,2025-01-23,16:09:38,-08:00,2025-01-23T16:09:38-08:00,0,54
global.js,53,js,2af5214f,fanfanccluo,2025-01-23,16:09:38,-08:00,2025-01-23T16:09:38-08:00,0,37
global.js,54,js,2af5214f,fanfanccluo,2025-01-23,16:09:38,-08:00,2025-01-23T16:09:38-08:00,0,0
global.js,55,js,2af5214f,fanfanccluo,2025-01-23,16:09:38,-08:00,2025-01-23T16:09:38-08:00,0,23
global.js,56,js,2af5214f,fanfanccluo,2025-01-23,16:09:38,-08:00,2025-01-23T16:09:38-08:00,0,25
global.js,57,js,2af5214f,fanfanccluo,2025-01-23,16:09:38,-08:00,2025-01-23T16:09:38-08:00,0,30
global.js,58,js,2af5214f,fanfanccluo,2025-01-23,16:09:38,-08:00,2025-01-23T16:09:38-08:00,0,60
global.js,59,js,2af5214f,fanfanccluo,2025-01-23,16:09:38,-08:00,2025-01-23T16:09:38-08:00,0,0
global.js,60,js,2af5214f,fanfanccluo,2025-01-23,16:09:38,-08:00,2025-01-23T16:09:38-08:00,0,0
global.js,61,js,2af5214f,fanfanccluo,2025-01-23,16:09:38,-08:00,2025-01-23T16:09:38-08:00,0,44
global.js,62,js,2af5214f,fanfanccluo,2025-01-23,16:09:38,-08:00,2025-01-23T16:09:38-08:00,0,64
global.js,63,js,2af5214f,fanfanccluo,2025-01-23,16:09:38,-08:00,2025-01-23T16:09:38-08:00,0,20
global.js,64,js,2af5214f,fanfanccluo,2025-01-23,16:09:38,-08:00,2025-01-23T16:09:38-08:00,0,25
global.js,65,js,2af5214f,fanfanccluo,2025-01-23,16:09:38,-08:00,2025-01-23T16:09:38-08:00,0,0
global.js,66,js,2af5214f,fanfanccluo,2025-01-23,16:09:38,-08:00,2025-01-23T16:09:38-08:00,0,38
global.js,67,js,2af5214f,fanfanccluo,2025-01-23,16:09:38,-08:00,2025-01-23T16:09:38-08:00,0,63
global.js,68,js,ef423dc4,fanfanccluo,2025-01-24,14:19:11,-08:00,2025-01-24T14:19:11-08:00,0,0
global.js,69,js,ef423dc4,fanfanccluo,2025-01-24,14:19:11,-08:00,2025-01-24T14:19:11-08:00,0,0
global.js,70,js,ef423dc4,fanfanccluo,2025-01-24,14:19:11,-08:00,2025-01-24T14:19:11-08:00,0,0
global.js,71,js,ef423dc4,fanfanccluo,2025-01-24,14:19:11,-08:00,2025-01-24T14:19:11-08:00,0,52
global.js,72,js,ef423dc4,fanfanccluo,2025-01-24,14:19:11,-08:00,2025-01-24T14:19:11-08:00,0,0
global.js,73,js,ef423dc4,fanfanccluo,2025-01-24,14:19:11,-08:00,2025-01-24T14:19:11-08:00,0,50
global.js,74,js,ef423dc4,fanfanccluo,2025-01-24,14:19:11,-08:00,2025-01-24T14:19:11-08:00,0,22
global.js,75,js,ef423dc4,fanfanccluo,2025-01-24,14:19:11,-08:00,2025-01-24T14:19:11-08:00,0,31
global.js,76,js,ef423dc4,fanfanccluo,2025-01-24,14:19:11,-08:00,2025-01-24T14:19:11-08:00,0,40
global.js,77,js,ef423dc4,fanfanccluo,2025-01-24,14:19:11,-08:00,2025-01-24T14:19:11-08:00,0,15
global.js,78,js,ef423dc4,fanfanccluo,2025-01-24,14:19:11,-08:00,2025-01-24T14:19:11-08:00,0,0
global.js,79,js,ef423dc4,fanfanccluo,2025-01-24,14:19:11,-08:00,2025-01-24T14:19:11-08:00,0,32
global.js,80,js,ef423dc4,fanfanccluo,2025-01-24,14:19:11,-08:00,2025-01-24T14:19:11-08:00,0,71
global.js,81,js,ef423dc4,fanfanccluo,2025-01-24,14:19:11,-08:00,2025-01-24T14:19:11-08:00,0,0
global.js,82,js,ef423dc4,fanfanccluo,2025-01-24,14:19:11,-08:00,2025-01-24T14:19:11-08:00,0,29
global.js,83,js,ef423dc4,fanfanccluo,2025-01-24,14:19:11,-08:00,2025-01-24T14:19:11-08:00,0,25
global.js,84,js,ef423dc4,fanfanccluo,2025-01-24,14:19:11,-08:00,2025-01-24T14:19:11-08:00,0,2
global.js,85,js,110ff0cb,fanfanccluo,2025-02-01,15:26:07,-08:00,2025-02-01T15:26:07-08:00,0,0
global.js,86,js,39806100,fanfanccluo,2025-02-01,17:50:18,-08:00,2025-02-01T17:50:18-08:00,0,0
global.js,87,js,39806100,fanfanccluo,2025-02-01,17:50:18,-08:00,2025-02-01T17:50:18-08:00,0,17
global.js,88,js,110ff0cb,fanfanccluo,2025-02-01,15:26:07,-08:00,2025-02-01T15:26:07-08:00,0,37
global.js,89,js,110ff0cb,fanfanccluo,2025-02-01,15:26:07,-08:00,2025-02-01T15:26:07-08:00,0,4
global.js,90,js,110ff0cb,fanfanccluo,2025-02-01,15:26:07,-08:00,2025-02-01T15:26:07-08:00,0,40
global.js,91,js,110ff0cb,fanfanccluo,2025-02-01,15:26:07,-08:00,2025-02-01T15:26:07-08:00,0,33
global.js,92,js,110ff0cb,fanfanccluo,2025-02-01,15:26:07,-08:00,2025-02-01T15:26:07-08:00,0,0
global.js,93,js,110ff0cb,fanfanccluo,2025-02-01,15:26:07,-08:00,2025-02-01T15:26:07-08:00,0,18
global.js,94,js,110ff0cb,fanfanccluo,2025-02-01,15:26:07,-08:00,2025-02-01T15:26:07-08:00,0,67
global.js,95,js,110ff0cb,fanfanccluo,2025-02-01,15:26:07,-08:00,2025-02-01T15:26:07-08:00,0,0
global.js,96,js,110ff0cb,fanfanccluo,2025-02-01,15:26:07,-08:00,2025-02-01T15:26:07-08:00,0,0
global.js,97,js,110ff0cb,fanfanccluo,2025-02-01,15:26:07,-08:00,2025-02-01T15:26:07-08:00,0,28
global.js,98,js,110ff0cb,fanfanccluo,2025-02-01,15:26:07,-08:00,2025-02-01T15:26:07-08:00,0,34
global.js,99,js,110ff0cb,fanfanccluo,2025-02-01,15:26:07,-08:00,2025-02-01T15:26:07-08:00,0,11
global.js,100,js,110ff0cb,fanfanccluo,2025-02-01,15:26:07,-08:00,2025-02-01T15:26:07-08:00,0,0
global.js,101,js,110ff0cb,fanfanccluo,2025-02-01,15:26:07,-08:00,2025-02-01T15:26:07-08:00,0,0
global.js,102,js,110ff0cb,fanfanccluo,2025-02-01,15:26:07,-08:00,2025-02-01T15:26:07-08:00,0,16
global.js,103,js,110ff0cb,fanfanccluo,2025-02-01,15:26:07,-08:00,2025-02-01T15:26:07-08:00,0,60
global.js,104,js,110ff0cb,fanfanccluo,2025-02-01,15:26:07,-08:00,2025-02-01T15:26:07-08:00,0,0
global.js,105,js,110ff0cb,fanfanccluo,2025-02-01,15:26:07,-08:00,2025-02-01T15:26:07-08:00,0,0
global.js,106,js,110ff0cb,fanfanccluo,2025-02-01,15:26:07,-08:00,2025-02-01T15:26:07-08:00,0,0
global.js,107,js,39806100,fanfanccluo,2025-02-01,17:50:18,-08:00,2025-02-01T17:50:18-08:00,0,17
global.js,108,js,a1c9ba8a,fanfanccluo,2025-02-01,16:22:10,-08:00,2025-02-01T16:22:10-08:00,0,80
global.js,109,js,a1c9ba8a,fanfanccluo,2025-02-01,16:22:10,-08:00,2025-02-01T16:22:10-08:00,0,31
global.js,110,js,3fdeaba6,fanfanccluo,2025-02-01,16:29:10,-08:00,2025-02-01T16:29:10-08:00,0,0
global.js,111,js,a1c9ba8a,fanfanccluo,2025-02-01,16:22:10,-08:00,2025-02-01T16:22:10-08:00,0,28
global.js,112,js,2d490b6b,fanfanccluo,2025-02-08,22:44:22,-08:00,2025-02-08T22:44:22-08:00,0,49
global.js,113,js,2d490b6b,fanfanccluo,2025-02-08,22:44:22,-08:00,2025-02-08T22:44:22-08:00,0,63
global.js,114,js,2d490b6b,fanfanccluo,2025-02-08,22:44:22,-08:00,2025-02-08T22:44:22-08:00,0,0
global.js,115,js,2d490b6b,fanfanccluo,2025-02-08,22:44:22,-08:00,2025-02-08T22:44:22-08:00,0,20
global.js,116,js,2d490b6b,fanfanccluo,2025-02-08,22:44:22,-08:00,2025-02-08T22:44:22-08:00,0,72
global.js,117,js,2d490b6b,fanfanccluo,2025-02-08,22:44:22,-08:00,2025-02-08T22:44:22-08:00,0,28
global.js,118,js,2d490b6b,fanfanccluo,2025-02-08,22:44:22,-08:00,2025-02-08T22:44:22-08:00,0,56
global.js,119,js,2d490b6b,fanfanccluo,2025-02-08,22:44:22,-08:00,2025-02-08T22:44:22-08:00,0,65
global.js,120,js,2d490b6b,fanfanccluo,2025-02-08,22:44:22,-08:00,2025-02-08T22:44:22-08:00,0,5
global.js,121,js,2d490b6b,fanfanccluo,2025-02-08,22:44:22,-08:00,2025-02-08T22:44:22-08:00,0,89
global.js,122,js,2d490b6b,fanfanccluo,2025-02-08,22:44:22,-08:00,2025-02-08T22:44:22-08:00,0,1
global.js,123,js,2d490b6b,fanfanccluo,2025-02-08,22:44:22,-08:00,2025-02-08T22:44:22-08:00,0,0
global.js,124,js,2d490b6b,fanfanccluo,2025-02-08,22:44:22,-08:00,2025-02-08T22:44:22-08:00,0,37
global.js,125,js,3fdeaba6,fanfanccluo,2025-02-01,16:29:10,-08:00,2025-02-01T16:29:10-08:00,0,2
global.js,126,js,3fdeaba6,fanfanccluo,2025-02-01,16:29:10,-08:00,2025-02-01T16:29:10-08:00,0,0
global.js,127,js,39806100,fanfanccluo,2025-02-01,17:50:18,-08:00,2025-02-01T17:50:18-08:00,0,0
global.js,128,js,5c5ff68e,fanfanccluo,2025-02-01,19:17:50,-08:00,2025-02-01T19:17:50-08:00,0,0
global.js,129,js,2d490b6b,fanfanccluo,2025-02-08,22:44:22,-08:00,2025-02-08T22:44:22-08:00,0,0
global.js,130,js,39806100,fanfanccluo,2025-02-01,17:50:18,-08:00,2025-02-01T17:50:18-08:00,0,19
global.js,131,js,39806100,fanfanccluo,2025-02-01,17:50:18,-08:00,2025-02-01T17:50:18-08:00,0,48
global.js,132,js,39806100,fanfanccluo,2025-02-01,17:50:18,-08:00,2025-02-01T17:50:18-08:00,0,4
global.js,133,js,926bc947,fanfanccluo,2025-02-01,18:00:16,-08:00,2025-02-01T18:00:16-08:00,0,72
global.js,134,js,39806100,fanfanccluo,2025-02-01,17:50:18,-08:00,2025-02-01T17:50:18-08:00,0,18
global.js,135,js,39806100,fanfanccluo,2025-02-01,17:50:18,-08:00,2025-02-01T17:50:18-08:00,0,59
global.js,136,js,39806100,fanfanccluo,2025-02-01,17:50:18,-08:00,2025-02-01T17:50:18-08:00,0,0
global.js,137,js,39806100,fanfanccluo,2025-02-01,17:50:18,-08:00,2025-02-01T17:50:18-08:00,0,28
global.js,138,js,39806100,fanfanccluo,2025-02-01,17:50:18,-08:00,2025-02-01T17:50:18-08:00,0,16
global.js,139,js,39806100,fanfanccluo,2025-02-01,17:50:18,-08:00,2025-02-01T17:50:18-08:00,0,52
global.js,140,js,39806100,fanfanccluo,2025-02-01,17:50:18,-08:00,2025-02-01T17:50:18-08:00,0,11
global.js,141,js,39806100,fanfanccluo,2025-02-01,17:50:18,-08:00,2025-02-01T17:50:18-08:00,0,0
global.js,142,js,6aafbd16,fanfanccluo,2025-02-01,18:36:11,-08:00,2025-02-01T18:36:11-08:00,0,0
projects/projects.js,1,js,2d490b6b,fanfanccluo,2025-02-08,22:44:22,-08:00,2025-02-08T22:44:22-08:00,0,59
projects/projects.js,2,js,2d490b6b,fanfanccluo,2025-02-08,22:44:22,-08:00,2025-02-08T22:44:22-08:00,0,67
projects/projects.js,3,js,2d490b6b,fanfanccluo,2025-02-08,22:44:22,-08:00,2025-02-08T22:44:22-08:00,0,0
projects/projects.js,4,js,2d490b6b,fanfanccluo,2025-02-08,22:44:22,-08:00,2025-02-08T22:44:22-08:00,0,33
projects/projects.js,5,js,2d490b6b,fanfanccluo,2025-02-08,22:44:22,-08:00,2025-02-08T22:44:22-08:00,0,63
projects/projects.js,6,js,2d490b6b,fanfanccluo,2025-02-08,22:44:22,-08:00,2025-02-08T22:44:22-08:00,0,0
projects/projects.js,7,js,2d490b6b,fanfanccluo,2025-02-08,22:44:22,-08:00,2025-02-08T22:44:22-08:00,0,68
projects/projects.js,8,js,2d490b6b,fanfanccluo,2025-02-08,22:44:22,-08:00,2025-02-08T22:44:22-08:00,0,56
projects/projects.js,9,js,2d490b6b,fanfanccluo,2025-02-08,22:44:22,-08:00,2025-02-08T22:44:22-08:00,0,0
projects/projects.js,10,js,2d490b6b,fanfanccluo,2025-02-08,22:44:22,-08:00,2025-02-08T22:44:22-08:00,0,47
projects/projects.js,11,js,2d490b6b,fanfanccluo,2025-02-08,22:44:22,-08:00,2025-02-08T22:44:22-08:00,0,75
projects/projects.js,12,js,2d490b6b,fanfanccluo,2025-02-08,22:44:22,-08:00,2025-02-08T22:44:22-08:00,0,32
projects/projects.js,13,js,2d490b6b,fanfanccluo,2025-02-08,22:44:22,-08:00,2025-02-08T22:44:22-08:00,0,60
projects/projects.js,14,js,2d490b6b,fanfanccluo,2025-02-08,22:44:22,-08:00,2025-02-08T22:44:22-08:00,0,7
projects/projects.js,15,js,2d490b6b,fanfanccluo,2025-02-08,22:44:22,-08:00,2025-02-08T22:44:22-08:00,0,3
projects/projects.js,16,js,2d490b6b,fanfanccluo,2025-02-08,22:44:22,-08:00,2025-02-08T22:44:22-08:00,0,0
projects/projects.js,17,js,2d490b6b,fanfanccluo,2025-02-08,22:44:22,-08:00,2025-02-08T22:44:22-08:00,0,32
projects/projects.js,18,js,2d490b6b,fanfanccluo,2025-02-08,22:44:22,-08:00,2025-02-08T22:44:22-08:00,0,61
projects/projects.js,19,js,2d490b6b,fanfanccluo,2025-02-08,22:44:22,-08:00,2025-02-08T22:44:22-08:00,0,48
projects/projects.js,20,js,2d490b6b,fanfanccluo,2025-02-08,22:44:22,-08:00,2025-02-08T22:44:22-08:00,0,43
projects/projects.js,21,js,2d490b6b,fanfanccluo,2025-02-08,22:44:22,-08:00,2025-02-08T22:44:22-08:00,0,7
projects/projects.js,22,js,2d490b6b,fanfanccluo,2025-02-08,22:44:22,-08:00,2025-02-08T22:44:22-08:00,0,54
projects/projects.js,23,js,2d490b6b,fanfanccluo,2025-02-08,22:44:22,-08:00,2025-02-08T22:44:22-08:00,0,37
projects/projects.js,24,js,2d490b6b,fanfanccluo,2025-02-08,22:44:22,-08:00,2025-02-08T22:44:22-08:00,0,0
projects/projects.js,25,js,2d490b6b,fanfanccluo,2025-02-08,22:44:22,-08:00,2025-02-08T22:44:22-08:00,0,51
projects/projects.js,26,js,2d490b6b,fanfanccluo,2025-02-08,22:44:22,-08:00,2025-02-08T22:44:22-08:00,0,0
projects/projects.js,27,js,2d490b6b,fanfanccluo,2025-02-08,22:44:22,-08:00,2025-02-08T22:44:22-08:00,0,0
projects/projects.js,28,js,2d490b6b,fanfanccluo,2025-02-08,22:44:22,-08:00,2025-02-08T22:44:22-08:00,0,31
projects/projects.js,29,js,2d490b6b,fanfanccluo,2025-02-08,22:44:22,-08:00,2025-02-08T22:44:22-08:00,0,37
projects/projects.js,30,js,2d490b6b,fanfanccluo,2025-02-08,22:44:22,-08:00,2025-02-08T22:44:22-08:00,0,23
projects/projects.js,31,js,2d490b6b,fanfanccluo,2025-02-08,22:44:22,-08:00,2025-02-08T22:44:22-08:00,0,57
projects/projects.js,32,js,2d490b6b,fanfanccluo,2025-02-08,22:44:22,-08:00,2025-02-08T22:44:22-08:00,0,58
projects/projects.js,33,js,2d490b6b,fanfanccluo,2025-02-08,22:44:22,-08:00,2025-02-08T22:44:22-08:00,0,7
projects/projects.js,34,js,2d490b6b,fanfanccluo,2025-02-08,22:44:22,-08:00,2025-02-08T22:44:22-08:00,0,0
projects/projects.js,35,js,2d490b6b,fanfanccluo,2025-02-08,22:44:22,-08:00,2025-02-08T22:44:22-08:00,0,20
projects/projects.js,36,js,2d490b6b,fanfanccluo,2025-02-08,22:44:22,-08:00,2025-02-08T22:44:22-08:00,0,36
projects/projects.js,37,js,2d490b6b,fanfanccluo,2025-02-08,22:44:22,-08:00,2025-02-08T22:44:22-08:00,0,28
projects/projects.js,38,js,2d490b6b,fanfanccluo,2025-02-08,22:44:22,-08:00,2025-02-08T22:44:22-08:00,0,25
projects/projects.js,39,js,2d490b6b,fanfanccluo,2025-02-08,22:44:22,-08:00,2025-02-08T22:44:22-08:00,0,107
projects/projects.js,40,js,2d490b6b,fanfanccluo,2025-02-08,22:44:22,-08:00,2025-02-08T22:44:22-08:00,0,113
projects/projects.js,41,js,2d490b6b,fanfanccluo,2025-02-08,22:44:22,-08:00,2025-02-08T22:44:22-08:00,0,4
projects/projects.js,42,js,2d490b6b,fanfanccluo,2025-02-08,22:44:22,-08:00,2025-02-08T22:44:22-08:00,0,0
projects/projects.js,43,js,2d490b6b,fanfanccluo,2025-02-08,22:44:22,-08:00,2025-02-08T22:44:22-08:00,0,17
projects/projects.js,44,js,2d490b6b,fanfanccluo,2025-02-08,22:44:22,-08:00,2025-02-08T22:44:22-08:00,0,0
projects/projects.js,45,js,2d490b6b,fanfanccluo,2025-02-08,22:44:22,-08:00,2025-02-08T22:44:22-08:00,0,22
projects/projects.js,46,js,2d490b6b,fanfanccluo,2025-02-08,22:44:22,-08:00,2025-02-08T22:44:22-08:00,0,84
projects/projects.js,47,js,2d490b6b,fanfanccluo,2025-02-08,22:44:22,-08:00,2025-02-08T22:44:22-08:00,0,30
projects/projects.js,48,js,2d490b6b,fanfanccluo,2025-02-08,22:44:22,-08:00,2025-02-08T22:44:22-08:00,0,13
projects/projects.js,49,js,2d490b6b,fanfanccluo,2025-02-08,22:44:22,-08:00,2025-02-08T22:44:22-08:00,0,20
projects/projects.js,50,js,2d490b6b,fanfanccluo,2025-02-08,22:44:22,-08:00,2025-02-08T22:44:22-08:00,0,18
projects/projects.js,51,js,2d490b6b,fanfanccluo,2025-02-08,22:44:22,-08:00,2025-02-08T22:44:22-08:00,0,4
projects/projects.js,52,js,2d490b6b,fanfanccluo,2025-02-08,22:44:22,-08:00,2025-02-08T22:44:22-08:00,0,0
projects/projects.js,53,js,2d490b6b,fanfanccluo,2025-02-08,22:44:22,-08:00,2025-02-08T22:44:22-08:00,0,0
projects/projects.js,54,js,2d490b6b,fanfanccluo,2025-02-08,22:44:22,-08:00,2025-02-08T22:44:22-08:00,0,64
projects/projects.js,55,js,ea724bc0,fanfanccluo,2025-02-01,19:56:27,-08:00,2025-02-01T19:56:27-08:00,0,56
projects/projects.js,56,js,2d490b6b,fanfanccluo,2025-02-08,22:44:22,-08:00,2025-02-08T22:44:22-08:00,0,56
projects/projects.js,57,js,2d490b6b,fanfanccluo,2025-02-08,22:44:22,-08:00,2025-02-08T22:44:22-08:00,0,61
projects/projects.js,58,js,2d490b6b,fanfanccluo,2025-02-08,22:44:22,-08:00,2025-02-08T22:44:22-08:00,0,49
projects/projects.js,59,js,2d490b6b,fanfanccluo,2025-02-08,22:44:22,-08:00,2025-02-08T22:44:22-08:00,0,0
projects/projects.js,60,js,6103b937,fanfanccluo,2025-02-08,23:27:04,-08:00,2025-02-08T23:27:04-08:00,0,0
projects/projects.js,61,js,6103b937,fanfanccluo,2025-02-08,23:27:04,-08:00,2025-02-08T23:27:04-08:00,0,30
projects/projects.js,62,js,6103b937,fanfanccluo,2025-02-08,23:27:04,-08:00,2025-02-08T23:27:04-08:00,0,56
projects/projects.js,63,js,6103b937,fanfanccluo,2025-02-08,23:27:04,-08:00,2025-02-08T23:27:04-08:00,0,0
projects/projects.js,64,js,6103b937,fanfanccluo,2025-02-08,23:27:04,-08:00,2025-02-08T23:27:04-08:00,0,61
projects/projects.js,65,js,6103b937,fanfanccluo,2025-02-08,23:27:04,-08:00,2025-02-08T23:27:04-08:00,0,49
projects/projects.js,66,js,6103b937,fanfanccluo,2025-02-08,23:27:04,-08:00,2025-02-08T23:27:04-08:00,0,0
projects/projects.js,67,js,6103b937,fanfanccluo,2025-02-08,23:27:04,-08:00,2025-02-08T23:27:04-08:00,0,40
projects/projects.js,68,js,6103b937,fanfanccluo,2025-02-08,23:27:04,-08:00,2025-02-08T23:27:04-08:00,0,68
projects/projects.js,69,js,6103b937,fanfanccluo,2025-02-08,23:27:04,-08:00,2025-02-08T23:27:04-08:00,0,25
projects/projects.js,70,js,6103b937,fanfanccluo,2025-02-08,23:27:04,-08:00,2025-02-08T23:27:04-08:00,0,49
projects/projects.js,71,js,6103b937,fanfanccluo,2025-02-08,23:27:04,-08:00,2025-02-08T23:27:04-08:00,0,0
projects/projects.js,72,js,6103b937,fanfanccluo,2025-02-08,23:27:04,-08:00,2025-02-08T23:27:04-08:00,0,0
projects/projects.js,73,js,6103b937,fanfanccluo,2025-02-08,23:27:04,-08:00,2025-02-08T23:27:04-08:00,0,14
projects/projects.js,74,js,6103b937,fanfanccluo,2025-02-08,23:27:04,-08:00,2025-02-08T23:27:04-08:00,0,0
projects/projects.js,75,js,6103b937,fanfanccluo,2025-02-08,23:27:04,-08:00,2025-02-08T23:27:04-08:00,0,0
projects/projects.js,76,js,2d490b6b,fanfanccluo,2025-02-08,22:44:22,-08:00,2025-02-08T22:44:22-08:00,0,20
projects/projects.js,77,js,2d490b6b,fanfanccluo,2025-02-08,22:44:22,-08:00,2025-02-08T22:44:22-08:00,0,50
projects/projects.js,78,js,2d490b6b,fanfanccluo,2025-02-08,22:44:22,-08:00,2025-02-08T22:44:22-08:00,0,0
projects/projects.js,79,js,2d490b6b,fanfanccluo,2025-02-08,22:44:22,-08:00,2025-02-08T22:44:22-08:00,0,15
projects/projects.js,80,js,2d490b6b,fanfanccluo,2025-02-08,22:44:22,-08:00,2025-02-08T22:44:22-08:00,0,60
projects/projects.js,81,js,2d490b6b,fanfanccluo,2025-02-08,22:44:22,-08:00,2025-02-08T22:44:22-08:00,0,0
projects/projects.js,82,js,2d490b6b,fanfanccluo,2025-02-08,22:44:22,-08:00,2025-02-08T22:44:22-08:00,0,27
projects/projects.js,83,js,2d490b6b,fanfanccluo,2025-02-08,22:44:22,-08:00,2025-02-08T22:44:22-08:00,0,22
projects/projects.js,84,js,2d490b6b,fanfanccluo,2025-02-08,22:44:22,-08:00,2025-02-08T22:44:22-08:00,0,0
projects/projects.js,85,js,2d490b6b,fanfanccluo,2025-02-08,22:44:22,-08:00,2025-02-08T22:44:22-08:00,0,29
projects/projects.js,86,js,2d490b6b,fanfanccluo,2025-02-08,22:44:22,-08:00,2025-02-08T22:44:22-08:00,0,30
projects/projects.js,87,js,2d490b6b,fanfanccluo,2025-02-08,22:44:22,-08:00,2025-02-08T22:44:22-08:00,0,28
projects/projects.js,88,js,2d490b6b,fanfanccluo,2025-02-08,22:44:22,-08:00,2025-02-08T22:44:22-08:00,0,30
projects/projects.js,89,js,2d490b6b,fanfanccluo,2025-02-08,22:44:22,-08:00,2025-02-08T22:44:22-08:00,0,0
projects/projects.js,90,js,2d490b6b,fanfanccluo,2025-02-08,22:44:22,-08:00,2025-02-08T22:44:22-08:00,0,35
projects/projects.js,91,js,2d490b6b,fanfanccluo,2025-02-08,22:44:22,-08:00,2025-02-08T22:44:22-08:00,0,31
projects/projects.js,92,js,a1c9ba8a,fanfanccluo,2025-02-01,16:22:10,-08:00,2025-02-01T16:22:10-08:00,0,0
projects/projects.js,93,js,2d490b6b,fanfanccluo,2025-02-08,22:44:22,-08:00,2025-02-08T22:44:22-08:00,0,21
projects/projects.js,94,js,2d490b6b,fanfanccluo,2025-02-08,22:44:22,-08:00,2025-02-08T22:44:22-08:00,0,49
projects/projects.js,95,js,a1c9ba8a,fanfanccluo,2025-02-01,16:22:10,-08:00,2025-02-01T16:22:10-08:00,0,0
projects/projects.js,96,js,2d490b6b,fanfanccluo,2025-02-08,22:44:22,-08:00,2025-02-08T22:44:22-08:00,0,27
projects/projects.js,97,js,2d490b6b,fanfanccluo,2025-02-08,22:44:22,-08:00,2025-02-08T22:44:22-08:00,0,22
projects/projects.js,98,js,2d490b6b,fanfanccluo,2025-02-08,22:44:22,-08:00,2025-02-08T22:44:22-08:00,0,2
projects/projects.js,99,js,2d490b6b,fanfanccluo,2025-02-08,22:44:22,-08:00,2025-02-08T22:44:22-08:00,0,14
projects/projects.js,100,js,2d490b6b,fanfanccluo,2025-02-08,22:44:22,-08:00,2025-02-08T22:44:22-08:00,0,28
projects/projects.js,101,js,2d490b6b,fanfanccluo,2025-02-08,22:44:22,-08:00,2025-02-08T22:44:22-08:00,0,25
projects/projects.js,102,js,2d490b6b,fanfanccluo,2025-02-08,22:44:22,-08:00,2025-02-08T22:44:22-08:00,0,54
projects/projects.js,103,js,2d490b6b,fanfanccluo,2025-02-08,22:44:22,-08:00,2025-02-08T22:44:22-08:00,0,19
projects/projects.js,104,js,2d490b6b,fanfanccluo,2025-02-08,22:44:22,-08:00,2025-02-08T22:44:22-08:00,0,23
projects/projects.js,105,js,2d490b6b,fanfanccluo,2025-02-08,22:44:22,-08:00,2025-02-08T22:44:22-08:00,0,48
projects/projects.js,106,js,ea724bc0,fanfanccluo,2025-02-01,19:56:27,-08:00,2025-02-01T19:56:27-08:00,0,0
projects/projects.js,107,js,2d490b6b,fanfanccluo,2025-02-08,22:44:22,-08:00,2025-02-08T22:44:22-08:00,0,32
projects/projects.js,108,js,2d490b6b,fanfanccluo,2025-02-08,22:44:22,-08:00,2025-02-08T22:44:22-08:00,0,44
projects/projects.js,109,js,2d490b6b,fanfanccluo,2025-02-08,22:44:22,-08:00,2025-02-08T22:44:22-08:00,0,36
projects/projects.js,110,js,2d490b6b,fanfanccluo,2025-02-08,22:44:22,-08:00,2025-02-08T22:44:22-08:00,0,1
projects/projects.js,111,js,2d490b6b,fanfanccluo,2025-02-08,22:44:22,-08:00,2025-02-08T22:44:22-08:00,0,0
projects/projects.js,112,js,2d490b6b,fanfanccluo,2025-02-08,22:44:22,-08:00,2025-02-08T22:44:22-08:00,0,45
projects/projects.js,113,js,2d490b6b,fanfanccluo,2025-02-08,22:44:22,-08:00,2025-02-08T22:44:22-08:00,0,36
projects/projects.js,114,js,2d490b6b,fanfanccluo,2025-02-08,22:44:22,-08:00,2025-02-08T22:44:22-08:00,0,1
projects/projects.js,115,js,2d490b6b,fanfanccluo,2025-02-08,22:44:22,-08:00,2025-02-08T22:44:22-08:00,0,0
projects/projects.js,116,js,2d490b6b,fanfanccluo,2025-02-08,22:44:22,-08:00,2025-02-08T22:44:22-08:00,0,47
projects/projects.js,117,js,2d490b6b,fanfanccluo,2025-02-08,22:44:22,-08:00,2025-02-08T22:44:22-08:00,0,23
projects/projects.js,118,js,2d490b6b,fanfanccluo,2025-02-08,22:44:22,-08:00,2025-02-08T22:44:22-08:00,0,19
projects/projects.js,119,js,2d490b6b,fanfanccluo,2025-02-08,22:44:22,-08:00,2025-02-08T22:44:22-08:00,0,9
projects/projects.js,120,js,2d490b6b,fanfanccluo,2025-02-08,22:44:22,-08:00,2025-02-08T22:44:22-08:00,0,17
projects/projects.js,121,js,2d490b6b,fanfanccluo,2025-02-08,22:44:22,-08:00,2025-02-08T22:44:22-08:00,0,54
projects/projects.js,122,js,2d490b6b,fanfanccluo,2025-02-08,22:44:22,-08:00,2025-02-08T22:44:22-08:00,0,1
projects/projects.js,123,js,2d490b6b,fanfanccluo,2025-02-08,22:44:22,-08:00,2025-02-08T22:44:22-08:00,0,0
projects/projects.js,124,js,2d490b6b,fanfanccluo,2025-02-08,22:44:22,-08:00,2025-02-08T22:44:22-08:00,0,57
projects/projects.js,125,js,2d490b6b,fanfanccluo,2025-02-08,22:44:22,-08:00,2025-02-08T22:44:22-08:00,0,2
projects/projects.js,126,js,2d490b6b,fanfanccluo,2025-02-08,22:44:22,-08:00,2025-02-08T22:44:22-08:00,0,2
projects/projects.js,127,js,2d490b6b,fanfanccluo,2025-02-08,22:44:22,-08:00,2025-02-08T22:44:22-08:00,0,0
projects/projects.js,128,js,2d490b6b,fanfanccluo,2025-02-08,22:44:22,-08:00,2025-02-08T22:44:22-08:00,0,17
projects/projects.js,129,js,2d490b6b,fanfanccluo,2025-02-08,22:44:22,-08:00,2025-02-08T22:44:22-08:00,0,25
projects/projects.js,130,js,2d490b6b,fanfanccluo,2025-02-08,22:44:22,-08:00,2025-02-08T22:44:22-08:00,0,5
projects/projects.js,131,js,2d490b6b,fanfanccluo,2025-02-08,22:44:22,-08:00,2025-02-08T22:44:22-08:00,0,12
projects/projects.js,132,js,2d490b6b,fanfanccluo,2025-02-08,22:44:22,-08:00,2025-02-08T22:44:22-08:00,0,54
projects/projects.js,133,js,2d490b6b,fanfanccluo,2025-02-08,22:44:22,-08:00,2025-02-08T22:44:22-08:00,0,39
projects/projects.js,134,js,2d490b6b,fanfanccluo,2025-02-08,22:44:22,-08:00,2025-02-08T22:44:22-08:00,0,60
projects/projects.js,135,js,2d490b6b,fanfanccluo,2025-02-08,22:44:22,-08:00,2025-02-08T22:44:22-08:00,0,19
projects/projects.js,136,js,2d490b6b,fanfanccluo,2025-02-08,22:44:22,-08:00,2025-02-08T22:44:22-08:00,0,23
projects/projects.js,137,js,2d490b6b,fanfanccluo,2025-02-08,22:44:22,-08:00,2025-02-08T22:44:22-08:00,0,48
projects/projects.js,138,js,2d490b6b,fanfanccluo,2025-02-08,22:44:22,-08:00,2025-02-08T22:44:22-08:00,0,0
projects/projects.js,139,js,2d490b6b,fanfanccluo,2025-02-08,22:44:22,-08:00,2025-02-08T22:44:22-08:00,0,32
projects/projects.js,140,js,2d490b6b,fanfanccluo,2025-02-08,22:44:22,-08:00,2025-02-08T22:44:22-08:00,0,44
projects/projects.js,141,js,2d490b6b,fanfanccluo,2025-02-08,22:44:22,-08:00,2025-02-08T22:44:22-08:00,0,36
projects/projects.js,142,js,2d490b6b,fanfanccluo,2025-02-08,22:44:22,-08:00,2025-02-08T22:44:22-08:00,0,1
projects/projects.js,143,js,2d490b6b,fanfanccluo,2025-02-08,22:44:22,-08:00,2025-02-08T22:44:22-08:00,0,0
projects/projects.js,144,js,2d490b6b,fanfanccluo,2025-02-08,22:44:22,-08:00,2025-02-08T22:44:22-08:00,0,45
projects/projects.js,145,js,2d490b6b,fanfanccluo,2025-02-08,22:44:22,-08:00,2025-02-08T22:44:22-08:00,0,36
projects/projects.js,146,js,2d490b6b,fanfanccluo,2025-02-08,22:44:22,-08:00,2025-02-08T22:44:22-08:00,0,1
projects/projects.js,147,js,2d490b6b,fanfanccluo,2025-02-08,22:44:22,-08:00,2025-02-08T22:44:22-08:00,0,0
projects/projects.js,148,js,2d490b6b,fanfanccluo,2025-02-08,22:44:22,-08:00,2025-02-08T22:44:22-08:00,0,47
projects/projects.js,149,js,2d490b6b,fanfanccluo,2025-02-08,22:44:22,-08:00,2025-02-08T22:44:22-08:00,0,23
projects/projects.js,150,js,2d490b6b,fanfanccluo,2025-02-08,22:44:22,-08:00,2025-02-08T22:44:22-08:00,0,19
projects/projects.js,151,js,2d490b6b,fanfanccluo,2025-02-08,22:44:22,-08:00,2025-02-08T22:44:22-08:00,0,9
projects/projects.js,152,js,2d490b6b,fanfanccluo,2025-02-08,22:44:22,-08:00,2025-02-08T22:44:22-08:00,0,17
projects/projects.js,153,js,2d490b6b,fanfanccluo,2025-02-08,22:44:22,-08:00,2025-02-08T22:44:22-08:00,0,54
projects/projects.js,154,js,2d490b6b,fanfanccluo,2025-02-08,22:44:22,-08:00,2025-02-08T22:44:22-08:00,0,1
projects/projects.js,155,js,2d490b6b,fanfanccluo,2025-02-08,22:44:22,-08:00,2025-02-08T22:44:22-08:00,0,0
projects/projects.js,156,js,2d490b6b,fanfanccluo,2025-02-08,22:44:22,-08:00,2025-02-08T22:44:22-08:00,0,57
projects/projects.js,157,js,2d490b6b,fanfanccluo,2025-02-08,22:44:22,-08:00,2025-02-08T22:44:22-08:00,0,2
projects/projects.js,158,js,2d490b6b,fanfanccluo,2025-02-08,22:44:22,-08:00,2025-02-08T22:44:22-08:00,0,2
projects/projects.js,159,js,a1c9ba8a,fanfanccluo,2025-02-01,16:22:10,-08:00,2025-02-01T16:22:10-08:00,0,0
projects/projects.js,160,js,a1c9ba8a,fanfanccluo,2025-02-01,16:22:10,-08:00,2025-02-01T16:22:10-08:00,0,0
projects/projects.js,161,js,2d490b6b,fanfanccluo,2025-02-08,22:44:22,-08:00,2025-02-08T22:44:22-08:00,0,14
projects/projects.js,162,js,2d490b6b,fanfanccluo,2025-02-08,22:44:22,-08:00,2025-02-08T22:44:22-08:00,0,29
projects/projects.js,163,js,2d490b6b,fanfanccluo,2025-02-08,22:44:22,-08:00,2025-02-08T22:44:22-08:00,0,8
projects/projects.js,164,js,2d490b6b,fanfanccluo,2025-02-08,22:44:22,-08:00,2025-02-08T22:44:22-08:00,0,15
projects/projects.js,165,js,2d490b6b,fanfanccluo,2025-02-08,22:44:22,-08:00,2025-02-08T22:44:22-08:00,0,12
projects/projects.js,166,js,2d490b6b,fanfanccluo,2025-02-08,22:44:22,-08:00,2025-02-08T22:44:22-08:00,0,1
projects/projects.js,167,js,2d490b6b,fanfanccluo,2025-02-08,22:44:22,-08:00,2025-02-08T22:44:22-08:00,0,0
projects/projects.js,168,js,2d490b6b,fanfanccluo,2025-02-08,22:44:22,-08:00,2025-02-08T22:44:22-08:00,0,48
projects/projects.js,169,js,2d490b6b,fanfanccluo,2025-02-08,22:44:22,-08:00,2025-02-08T22:44:22-08:00,0,11
projects/projects.js,170,js,2d490b6b,fanfanccluo,2025-02-08,22:44:22,-08:00,2025-02-08T22:44:22-08:00,0,12
projects/projects.js,171,js,2d490b6b,fanfanccluo,2025-02-08,22:44:22,-08:00,2025-02-08T22:44:22-08:00,0,3
projects/projects.js,172,js,2d490b6b,fanfanccluo,2025-02-08,22:44:22,-08:00,2025-02-08T22:44:22-08:00,0,0
projects/projects.js,173,js,2d490b6b,fanfanccluo,2025-02-08,22:44:22,-08:00,2025-02-08T22:44:22-08:00,0,16
projects/projects.js,174,js,2d490b6b,fanfanccluo,2025-02-08,22:44:22,-08:00,2025-02-08T22:44:22-08:00,0,20
projects/projects.js,175,js,2d490b6b,fanfanccluo,2025-02-08,22:44:22,-08:00,2025-02-08T22:44:22-08:00,0,0
projects/projects.js,176,js,2d490b6b,fanfanccluo,2025-02-08,22:44:22,-08:00,2025-02-08T22:44:22-08:00,0,26
projects/projects.js,177,js,2d490b6b,fanfanccluo,2025-02-08,22:44:22,-08:00,2025-02-08T22:44:22-08:00,0,56
projects/projects.js,178,js,2d490b6b,fanfanccluo,2025-02-08,22:44:22,-08:00,2025-02-08T22:44:22-08:00,0,0
projects/projects.js,179,js,2d490b6b,fanfanccluo,2025-02-08,22:44:22,-08:00,2025-02-08T22:44:22-08:00,0,49
projects/projects.js,180,js,2d490b6b,fanfanccluo,2025-02-08,22:44:22,-08:00,2025-02-08T22:44:22-08:00,0,46
projects/projects.js,181,js,2d490b6b,fanfanccluo,2025-02-08,22:44:22,-08:00,2025-02-08T22:44:22-08:00,0,52
projects/projects.js,182,js,2d490b6b,fanfanccluo,2025-02-08,22:44:22,-08:00,2025-02-08T22:44:22-08:00,0,61
projects/projects.js,183,js,2d490b6b,fanfanccluo,2025-02-08,22:44:22,-08:00,2025-02-08T22:44:22-08:00,0,1
projects/projects.js,184,js,2d490b6b,fanfanccluo,2025-02-08,22:44:22,-08:00,2025-02-08T22:44:22-08:00,0,0
projects/projects.js,185,js,2d490b6b,fanfanccluo,2025-02-08,22:44:22,-08:00,2025-02-08T22:44:22-08:00,0,57
projects/projects.js,186,js,2d490b6b,fanfanccluo,2025-02-08,22:44:22,-08:00,2025-02-08T22:44:22-08:00,0,0
projects/projects.js,187,js,2d490b6b,fanfanccluo,2025-02-08,22:44:22,-08:00,2025-02-08T22:44:22-08:00,0,50
projects/projects.js,188,js,2d490b6b,fanfanccluo,2025-02-08,22:44:22,-08:00,2025-02-08T22:44:22-08:00,0,31
projects/projects.js,189,js,2d490b6b,fanfanccluo,2025-02-08,22:44:22,-08:00,2025-02-08T22:44:22-08:00,0,16
projects/projects.js,190,js,2d490b6b,fanfanccluo,2025-02-08,22:44:22,-08:00,2025-02-08T22:44:22-08:00,0,15
projects/projects.js,191,js,2d490b6b,fanfanccluo,2025-02-08,22:44:22,-08:00,2025-02-08T22:44:22-08:00,0,12
projects/projects.js,192,js,2d490b6b,fanfanccluo,2025-02-08,22:44:22,-08:00,2025-02-08T22:44:22-08:00,0,26
projects/projects.js,193,js,2d490b6b,fanfanccluo,2025-02-08,22:44:22,-08:00,2025-02-08T22:44:22-08:00,0,11
projects/projects.js,194,js,2d490b6b,fanfanccluo,2025-02-08,22:44:22,-08:00,2025-02-08T22:44:22-08:00,0,12
projects/projects.js,195,js,2d490b6b,fanfanccluo,2025-02-08,22:44:22,-08:00,2025-02-08T22:44:22-08:00,0,3
projects/projects.js,196,js,2d490b6b,fanfanccluo,2025-02-08,22:44:22,-08:00,2025-02-08T22:44:22-08:00,0,0
projects/projects.js,197,js,2d490b6b,fanfanccluo,2025-02-08,22:44:22,-08:00,2025-02-08T22:44:22-08:00,0,28
projects/projects.js,198,js,2d490b6b,fanfanccluo,2025-02-08,22:44:22,-08:00,2025-02-08T22:44:22-08:00,0,2
projects/projects.js,199,js,2d490b6b,fanfanccluo,2025-02-08,22:44:22,-08:00,2025-02-08T22:44:22-08:00,0,0
projects/projects.js,200,js,2d490b6b,fanfanccluo,2025-02-08,22:44:22,-08:00,2025-02-08T22:44:22-08:00,0,0
projects/projects.js,201,js,ea724bc0,fanfanccluo,2025-02-01,19:56:27,-08:00,2025-02-01T19:56:27-08:00,0,0
projects/index.html,1,html,b50b3f58,fanfanccluo,2025-01-10,12:04:38,-08:00,2025-01-10T12:04:38-08:00,0,14
projects/index.html,2,html,b50b3f58,fanfanccluo,2025-01-10,12:04:38,-08:00,2025-01-10T12:04:38-08:00,0,15
projects/index.html,3,html,b50b3f58,fanfanccluo,2025-01-10,12:04:38,-08:00,2025-01-10T12:04:38-08:00,0,5
projects/index.html,4,html,b50b3f58,fanfanccluo,2025-01-10,12:04:38,-08:00,2025-01-10T12:04:38-08:00,0,21
projects/index.html,5,html,b50b3f58,fanfanccluo,2025-01-10,12:04:38,-08:00,2025-01-10T12:04:38-08:00,0,69
projects/index.html,6,html,b50b3f58,fanfanccluo,2025-01-10,12:04:38,-08:00,2025-01-10T12:04:38-08:00,0,33
projects/index.html,7,html,110ff0cb,fanfanccluo,2025-02-01,15:26:07,-08:00,2025-02-01T15:26:07-08:00,0,42
projects/index.html,8,html,110ff0cb,fanfanccluo,2025-02-01,15:26:07,-08:00,2025-02-01T15:26:07-08:00,0,49
projects/index.html,9,html,a1c9ba8a,fanfanccluo,2025-02-01,16:22:10,-08:00,2025-02-01T16:22:10-08:00,0,48
projects/index.html,10,html,b50b3f58,fanfanccluo,2025-01-10,12:04:38,-08:00,2025-01-10T12:04:38-08:00,0,6
projects/index.html,11,html,b50b3f58,fanfanccluo,2025-01-10,12:04:38,-08:00,2025-01-10T12:04:38-08:00,0,5
projects/index.html,12,html,2d490b6b,fanfanccluo,2025-02-08,22:44:22,-08:00,2025-02-08T22:44:22-08:00,0,72
projects/index.html,13,html,2d490b6b,fanfanccluo,2025-02-08,22:44:22,-08:00,2025-02-08T22:44:22-08:00,0,22
projects/index.html,14,html,2d490b6b,fanfanccluo,2025-02-08,22:44:22,-08:00,2025-02-08T22:44:22-08:00,0,59
projects/index.html,15,html,2d490b6b,fanfanccluo,2025-02-08,22:44:22,-08:00,2025-02-08T22:44:22-08:00,0,23
projects/index.html,16,html,2d490b6b,fanfanccluo,2025-02-08,22:44:22,-08:00,2025-02-08T22:44:22-08:00,0,5
projects/index.html,17,html,2d490b6b,fanfanccluo,2025-02-08,22:44:22,-08:00,2025-02-08T22:44:22-08:00,0,103
projects/index.html,18,html,c6931dcf,fanfanccluo,2025-02-01,20:00:50,-08:00,2025-02-01T20:00:50-08:00,0,21
projects/index.html,19,html,c6931dcf,fanfanccluo,2025-02-01,20:00:50,-08:00,2025-02-01T20:00:50-08:00,0,50
projects/index.html,20,html,c6931dcf,fanfanccluo,2025-02-01,20:00:50,-08:00,2025-02-01T20:00:50-08:00,0,5
projects/index.html,21,html,2d490b6b,fanfanccluo,2025-02-08,22:44:22,-08:00,2025-02-08T22:44:22-08:00,0,0
projects/index.html,22,html,a630ecd4,fanfanccluo,2025-01-17,23:00:56,-08:00,2025-01-17T23:00:56-08:00,0,5
projects/index.html,23,html,b50b3f58,fanfanccluo,2025-01-10,12:04:38,-08:00,2025-01-10T12:04:38-08:00,0,6
projects/index.html,24,html,b50b3f58,fanfanccluo,2025-01-10,12:04:38,-08:00,2025-01-10T12:04:38-08:00,0,6
cv/index.html,1,html,e96dc395,fanfanccluo,2025-01-10,17:40:53,-08:00,2025-01-10T17:40:53-08:00,0,14
cv/index.html,2,html,e96dc395,fanfanccluo,2025-01-10,17:40:53,-08:00,2025-01-10T17:40:53-08:00,0,15
cv/index.html,3,html,e96dc395,fanfanccluo,2025-01-10,17:40:53,-08:00,2025-01-10T17:40:53-08:00,0,5
cv/index.html,4,html,e96dc395,fanfanccluo,2025-01-10,17:40:53,-08:00,2025-01-10T17:40:53-08:00,0,21
cv/index.html,5,html,e96dc395,fanfanccluo,2025-01-10,17:40:53,-08:00,2025-01-10T17:40:53-08:00,0,69
cv/index.html,6,html,00000000,Not Committed Yet,2025-02-12,22:03:41,-08:00,2025-02-12T22:03:41-08:00,0,16
cv/index.html,7,html,110ff0cb,fanfanccluo,2025-02-01,15:26:07,-08:00,2025-02-01T15:26:07-08:00,0,42
cv/index.html,8,html,110ff0cb,fanfanccluo,2025-02-01,15:26:07,-08:00,2025-02-01T15:26:07-08:00,0,49
cv/index.html,9,html,e96dc395,fanfanccluo,2025-01-10,17:40:53,-08:00,2025-01-10T17:40:53-08:00,0,6
cv/index.html,10,html,e96dc395,fanfanccluo,2025-01-10,17:40:53,-08:00,2025-01-10T17:40:53-08:00,0,5
cv/index.html,11,html,e96dc395,fanfanccluo,2025-01-10,17:40:53,-08:00,2025-01-10T17:40:53-08:00,0,7
cv/index.html,12,html,e96dc395,fanfanccluo,2025-01-10,17:40:53,-08:00,2025-01-10T17:40:53-08:00,0,24
cv/index.html,13,html,e96dc395,fanfanccluo,2025-01-10,17:40:53,-08:00,2025-01-10T17:40:53-08:00,0,8
cv/index.html,14,html,e96dc395,fanfanccluo,2025-01-10,17:40:53,-08:00,2025-01-10T17:40:53-08:00,0,0
cv/index.html,15,html,e96dc395,fanfanccluo,2025-01-10,17:40:53,-08:00,2025-01-10T17:40:53-08:00,0,5
cv/index.html,16,html,e96dc395,fanfanccluo,2025-01-10,17:40:53,-08:00,2025-01-10T17:40:53-08:00,0,36
cv/index.html,17,html,e96dc395,fanfanccluo,2025-01-10,17:40:53,-08:00,2025-01-10T17:40:53-08:00,0,27
cv/index.html,18,html,e96dc395,fanfanccluo,2025-01-10,17:40:53,-08:00,2025-01-10T17:40:53-08:00,0,7
cv/index.html,19,html,e96dc395,fanfanccluo,2025-01-10,17:40:53,-08:00,2025-01-10T17:40:53-08:00,0,28
cv/index.html,20,html,e96dc395,fanfanccluo,2025-01-10,17:40:53,-08:00,2025-01-10T17:40:53-08:00,0,8
cv/index.html,21,html,e96dc395,fanfanccluo,2025-01-10,17:40:53,-08:00,2025-01-10T17:40:53-08:00,0,38
cv/index.html,22,html,e96dc395,fanfanccluo,2025-01-10,17:40:53,-08:00,2025-01-10T17:40:53-08:00,0,44
cv/index.html,23,html,e96dc395,fanfanccluo,2025-01-10,17:40:53,-08:00,2025-01-10T17:40:53-08:00,0,9
cv/index.html,24,html,e96dc395,fanfanccluo,2025-01-10,17:40:53,-08:00,2025-01-10T17:40:53-08:00,0,0
cv/index.html,25,html,e96dc395,fanfanccluo,2025-01-10,17:40:53,-08:00,2025-01-10T17:40:53-08:00,0,31
cv/index.html,26,html,e96dc395,fanfanccluo,2025-01-10,17:40:53,-08:00,2025-01-10T17:40:53-08:00,0,24
cv/index.html,27,html,e96dc395,fanfanccluo,2025-01-10,17:40:53,-08:00,2025-01-10T17:40:53-08:00,0,7
cv/index.html,28,html,e96dc395,fanfanccluo,2025-01-10,17:40:53,-08:00,2025-01-10T17:40:53-08:00,0,23
cv/index.html,29,html,e96dc395,fanfanccluo,2025-01-10,17:40:53,-08:00,2025-01-10T17:40:53-08:00,0,8
cv/index.html,30,html,a630ecd4,fanfanccluo,2025-01-17,23:00:56,-08:00,2025-01-17T23:00:56-08:00,0,33
cv/index.html,31,html,e96dc395,fanfanccluo,2025-01-10,17:40:53,-08:00,2025-01-10T17:40:53-08:00,0,9
cv/index.html,32,html,e96dc395,fanfanccluo,2025-01-10,17:40:53,-08:00,2025-01-10T17:40:53-08:00,0,0
cv/index.html,33,html,e96dc395,fanfanccluo,2025-01-10,17:40:53,-08:00,2025-01-10T17:40:53-08:00,0,25
cv/index.html,34,html,e96dc395,fanfanccluo,2025-01-10,17:40:53,-08:00,2025-01-10T17:40:53-08:00,0,23
cv/index.html,35,html,e96dc395,fanfanccluo,2025-01-10,17:40:53,-08:00,2025-01-10T17:40:53-08:00,0,7
cv/index.html,36,html,e96dc395,fanfanccluo,2025-01-10,17:40:53,-08:00,2025-01-10T17:40:53-08:00,0,17
cv/index.html,37,html,e96dc395,fanfanccluo,2025-01-10,17:40:53,-08:00,2025-01-10T17:40:53-08:00,0,8
cv/index.html,38,html,e96dc395,fanfanccluo,2025-01-10,17:40:53,-08:00,2025-01-10T17:40:53-08:00,0,8
cv/index.html,39,html,e96dc395,fanfanccluo,2025-01-10,17:40:53,-08:00,2025-01-10T17:40:53-08:00,0,7
cv/index.html,40,html,e96dc395,fanfanccluo,2025-01-10,17:40:53,-08:00,2025-01-10T17:40:53-08:00,0,43
cv/index.html,41,html,e96dc395,fanfanccluo,2025-01-10,17:40:53,-08:00,2025-01-10T17:40:53-08:00,0,96
cv/index.html,42,html,e96dc395,fanfanccluo,2025-01-10,17:40:53,-08:00,2025-01-10T17:40:53-08:00,0,40
cv/index.html,43,html,e96dc395,fanfanccluo,2025-01-10,17:40:53,-08:00,2025-01-10T17:40:53-08:00,0,8
cv/index.html,44,html,e96dc395,fanfanccluo,2025-01-10,17:40:53,-08:00,2025-01-10T17:40:53-08:00,0,9
cv/index.html,45,html,e96dc395,fanfanccluo,2025-01-10,17:40:53,-08:00,2025-01-10T17:40:53-08:00,0,9
cv/index.html,46,html,e96dc395,fanfanccluo,2025-01-10,17:40:53,-08:00,2025-01-10T17:40:53-08:00,0,0
cv/index.html,47,html,e96dc395,fanfanccluo,2025-01-10,17:40:53,-08:00,2025-01-10T17:40:53-08:00,0,22
cv/index.html,48,html,e96dc395,fanfanccluo,2025-01-10,17:40:53,-08:00,2025-01-10T17:40:53-08:00,0,20
cv/index.html,49,html,e96dc395,fanfanccluo,2025-01-10,17:40:53,-08:00,2025-01-10T17:40:53-08:00,0,7
cv/index.html,50,html,e96dc395,fanfanccluo,2025-01-10,17:40:53,-08:00,2025-01-10T17:40:53-08:00,0,14
cv/index.html,51,html,e96dc395,fanfanccluo,2025-01-10,17:40:53,-08:00,2025-01-10T17:40:53-08:00,0,8
cv/index.html,52,html,e96dc395,fanfanccluo,2025-01-10,17:40:53,-08:00,2025-01-10T17:40:53-08:00,0,3
cv/index.html,53,html,e96dc395,fanfanccluo,2025-01-10,17:40:53,-08:00,2025-01-10T17:40:53-08:00,0,57
cv/index.html,54,html,e96dc395,fanfanccluo,2025-01-10,17:40:53,-08:00,2025-01-10T17:40:53-08:00,0,42
cv/index.html,55,html,e96dc395,fanfanccluo,2025-01-10,17:40:53,-08:00,2025-01-10T17:40:53-08:00,0,31
cv/index.html,56,html,e96dc395,fanfanccluo,2025-01-10,17:40:53,-08:00,2025-01-10T17:40:53-08:00,0,73
cv/index.html,57,html,e96dc395,fanfanccluo,2025-01-10,17:40:53,-08:00,2025-01-10T17:40:53-08:00,0,4
cv/index.html,58,html,e96dc395,fanfanccluo,2025-01-10,17:40:53,-08:00,2025-01-10T17:40:53-08:00,0,9
cv/index.html,59,html,e96dc395,fanfanccluo,2025-01-10,17:40:53,-08:00,2025-01-10T17:40:53-08:00,0,6
cv/index.html,60,html,e96dc395,fanfanccluo,2025-01-10,17:40:53,-08:00,2025-01-10T17:40:53-08:00,0,0
cv/index.html,61,html,e96dc395,fanfanccluo,2025-01-10,17:40:53,-08:00,2025-01-10T17:40:53-08:00,0,7
cv/index.html,62,html,e96dc395,fanfanccluo,2025-01-10,17:40:53,-08:00,2025-01-10T17:40:53-08:00,0,49
cv/index.html,63,html,e96dc395,fanfanccluo,2025-01-10,17:40:53,-08:00,2025-01-10T17:40:53-08:00,0,8
cv/index.html,64,html,e96dc395,fanfanccluo,2025-01-10,17:40:53,-08:00,2025-01-10T17:40:53-08:00,0,6
cv/index.html,65,html,e96dc395,fanfanccluo,2025-01-10,17:40:53,-08:00,2025-01-10T17:40:53-08:00,0,6
contact/index.html,1,html,b50b3f58,fanfanccluo,2025-01-10,12:04:38,-08:00,2025-01-10T12:04:38-08:00,0,14
contact/index.html,2,html,b50b3f58,fanfanccluo,2025-01-10,12:04:38,-08:00,2025-01-10T12:04:38-08:00,0,15
contact/index.html,3,html,b50b3f58,fanfanccluo,2025-01-10,12:04:38,-08:00,2025-01-10T12:04:38-08:00,0,5
contact/index.html,4,html,b50b3f58,fanfanccluo,2025-01-10,12:04:38,-08:00,2025-01-10T12:04:38-08:00,0,21
contact/index.html,5,html,b50b3f58,fanfanccluo,2025-01-10,12:04:38,-08:00,2025-01-10T12:04:38-08:00,0,69
contact/index.html,6,html,b50b3f58,fanfanccluo,2025-01-10,12:04:38,-08:00,2025-01-10T12:04:38-08:00,0,32
contact/index.html,7,html,110ff0cb,fanfanccluo,2025-02-01,15:26:07,-08:00,2025-02-01T15:26:07-08:00,0,42
contact/index.html,8,html,110ff0cb,fanfanccluo,2025-02-01,15:26:07,-08:00,2025-02-01T15:26:07-08:00,0,49
contact/index.html,9,html,b50b3f58,fanfanccluo,2025-01-10,12:04:38,-08:00,2025-01-10T12:04:38-08:00,0,6
contact/index.html,10,html,26791bb7,fanfanccluo,2025-01-22,22:31:54,-08:00,2025-01-22T22:31:54-08:00,0,0
contact/index.html,11,html,b50b3f58,fanfanccluo,2025-01-10,12:04:38,-08:00,2025-01-10T12:04:38-08:00,0,5
contact/index.html,12,html,ef8064c1,fanfanccluo,2025-01-23,13:15:44,-08:00,2025-01-23T13:15:44-08:00,0,0
contact/index.html,13,html,a630ecd4,fanfanccluo,2025-01-17,23:00:56,-08:00,2025-01-17T23:00:56-08:00,0,0
contact/index.html,14,html,b50b3f58,fanfanccluo,2025-01-10,12:04:38,-08:00,2025-01-10T12:04:38-08:00,0,15
contact/index.html,15,html,a630ecd4,fanfanccluo,2025-01-17,23:00:56,-08:00,2025-01-17T23:00:56-08:00,0,48
contact/index.html,16,html,ef423dc4,fanfanccluo,2025-01-24,14:19:11,-08:00,2025-01-24T14:19:11-08:00,0,23
contact/index.html,17,html,a630ecd4,fanfanccluo,2025-01-17,23:00:56,-08:00,2025-01-17T23:00:56-08:00,0,18
contact/index.html,18,html,a630ecd4,fanfanccluo,2025-01-17,23:00:56,-08:00,2025-01-17T23:00:56-08:00,0,23
contact/index.html,19,html,a630ecd4,fanfanccluo,2025-01-17,23:00:56,-08:00,2025-01-17T23:00:56-08:00,0,52
contact/index.html,20,html,a630ecd4,fanfanccluo,2025-01-17,23:00:56,-08:00,2025-01-17T23:00:56-08:00,0,7
contact/index.html,21,html,a630ecd4,fanfanccluo,2025-01-17,23:00:56,-08:00,2025-01-17T23:00:56-08:00,0,0
contact/index.html,22,html,a630ecd4,fanfanccluo,2025-01-17,23:00:56,-08:00,2025-01-17T23:00:56-08:00,0,20
contact/index.html,23,html,a630ecd4,fanfanccluo,2025-01-17,23:00:56,-08:00,2025-01-17T23:00:56-08:00,0,20
contact/index.html,24,html,a630ecd4,fanfanccluo,2025-01-17,23:00:56,-08:00,2025-01-17T23:00:56-08:00,0,55
contact/index.html,25,html,a630ecd4,fanfanccluo,2025-01-17,23:00:56,-08:00,2025-01-17T23:00:56-08:00,0,7
contact/index.html,26,html,a630ecd4,fanfanccluo,2025-01-17,23:00:56,-08:00,2025-01-17T23:00:56-08:00,0,0
contact/index.html,27,html,a630ecd4,fanfanccluo,2025-01-17,23:00:56,-08:00,2025-01-17T23:00:56-08:00,0,20
contact/index.html,28,html,a630ecd4,fanfanccluo,2025-01-17,23:00:56,-08:00,2025-01-17T23:00:56-08:00,0,20
contact/index.html,29,html,a630ecd4,fanfanccluo,2025-01-17,23:00:56,-08:00,2025-01-17T23:00:56-08:00,0,63
contact/index.html,30,html,a630ecd4,fanfanccluo,2025-01-17,23:00:56,-08:00,2025-01-17T23:00:56-08:00,0,7
contact/index.html,31,html,a630ecd4,fanfanccluo,2025-01-17,23:00:56,-08:00,2025-01-17T23:00:56-08:00,0,34
contact/index.html,32,html,e96dc395,fanfanccluo,2025-01-10,17:40:53,-08:00,2025-01-10T17:40:53-08:00,0,6
contact/index.html,33,html,a630ecd4,fanfanccluo,2025-01-17,23:00:56,-08:00,2025-01-17T23:00:56-08:00,0,0
contact/index.html,34,html,b50b3f58,fanfanccluo,2025-01-10,12:04:38,-08:00,2025-01-10T12:04:38-08:00,0,6
contact/index.html,35,html,e96dc395,fanfanccluo,2025-01-10,17:40:53,-08:00,2025-01-10T17:40:53-08:00,0,6
contact/index.html,36,html,a630ecd4,fanfanccluo,2025-01-17,23:00:56,-08:00,2025-01-17T23:00:56-08:00,0,0
